0.1, 50.0, 18.0, 4339780.813034466, 
0.1, 50.0, 19.11111111111111, 5209510.951656395, 
0.1, 50.0, 20.22222222222222, 6180588.063381513, 
0.1, 50.0, 21.333333333333332, 7260182.851443446, 
0.1, 50.0, 22.444444444444443, 8453702.709068853, 
0.1, 50.0, 23.555555555555557, 9763361.050808482, 
0.1, 50.0, 24.666666666666668, 11210920.502935264, 
0.1, 50.0, 25.77777777777778, 12856022.955645328, 
0.1, 50.0, 26.88888888888889, 14748674.92426015, 
0.1, 50.0, 28.0, 16923184.061487466, 
0.1, 52.22222222222222, 18.0, 3739294.9964495907, 
0.1, 52.22222222222222, 19.11111111111111, 4491846.410897544, 
0.1, 52.22222222222222, 20.22222222222222, 5328551.575479288, 
0.1, 52.22222222222222, 21.333333333333332, 6254641.048011497, 
0.1, 52.22222222222222, 22.444444444444443, 7285076.428954519, 
0.1, 52.22222222222222, 23.555555555555557, 8408610.077100893, 
0.1, 52.22222222222222, 24.666666666666668, 9654549.461011704, 
0.1, 52.22222222222222, 25.77777777777778, 11071464.764770629, 
0.1, 52.22222222222222, 26.88888888888889, 12702758.289040025, 
0.1, 52.22222222222222, 28.0, 14569597.225676283, 
0.1, 54.44444444444444, 18.0, 3163951.550361224, 
0.1, 54.44444444444444, 19.11111111111111, 3805779.4976952095, 
0.1, 54.44444444444444, 20.22222222222222, 4512521.380927396, 
0.1, 54.44444444444444, 21.333333333333332, 5300078.189790242, 
0.1, 54.44444444444444, 22.444444444444443, 6164824.967608701, 
0.1, 54.44444444444444, 23.555555555555557, 7124563.502367115, 
0.1, 54.44444444444444, 24.666666666666668, 8174793.920894839, 
0.1, 54.44444444444444, 25.77777777777778, 9360304.293933885, 
0.1, 54.44444444444444, 26.88888888888889, 10732798.473662702, 
0.1, 54.44444444444444, 28.0, 12282812.874023259, 
0.1, 56.666666666666664, 18.0, 2674007.83673443, 
0.1, 56.666666666666664, 19.11111111111111, 3211866.914547113, 
0.1, 56.666666666666664, 20.22222222222222, 3813570.062219004, 
0.1, 56.666666666666664, 21.333333333333332, 4474084.868655994, 
0.1, 56.666666666666664, 22.444444444444443, 5174006.141922067, 
0.1, 56.666666666666664, 23.555555555555557, 6014591.36840707, 
0.1, 56.666666666666664, 24.666666666666668, 6900917.559501094, 
0.1, 56.666666666666664, 25.77777777777778, 7888993.30947687, 
0.1, 56.666666666666664, 26.88888888888889, 9019729.080940634, 
0.1, 56.666666666666664, 28.0, 10322064.191212544, 
0.1, 58.888888888888886, 18.0, 2247151.4810008914, 
0.1, 58.888888888888886, 19.11111111111111, 2675190.499256442, 
0.1, 58.888888888888886, 20.22222222222222, 3206656.8600463104, 
0.1, 58.888888888888886, 21.333333333333332, 3764824.292758818, 
0.1, 58.888888888888886, 22.444444444444443, 4382522.155979471, 
0.1, 58.888888888888886, 23.555555555555557, 5057895.077801977, 
0.1, 58.888888888888886, 24.666666666666668, 5801148.369279797, 
0.1, 58.888888888888886, 25.77777777777778, 6624123.671736395, 
0.1, 58.888888888888886, 26.88888888888889, 7561951.353176275, 
0.1, 58.888888888888886, 28.0, 8645045.109080043, 
0.1, 61.111111111111114, 18.0, 1880491.5232685471, 
0.1, 61.111111111111114, 19.11111111111111, 2243781.8376525696, 
0.1, 61.111111111111114, 20.22222222222222, 2685538.303908738, 
0.1, 61.111111111111114, 21.333333333333332, 3154139.8601937843, 
0.1, 61.111111111111114, 22.444444444444443, 3670334.7647469374, 
0.1, 61.111111111111114, 23.555555555555557, 4236244.672198663, 
0.1, 61.111111111111114, 24.666666666666668, 4860860.9126573345, 
0.1, 61.111111111111114, 25.77777777777778, 5541135.50214098, 
0.1, 61.111111111111114, 26.88888888888889, 6315912.713821035, 
0.1, 61.111111111111114, 28.0, 7208358.730119141, 
0.1, 63.333333333333336, 18.0, 1565658.4852588389, 
0.1, 63.333333333333336, 19.11111111111111, 1884367.4754571833, 
0.1, 63.333333333333336, 20.22222222222222, 2235801.8705532886, 
0.1, 63.333333333333336, 21.333333333333332, 2627977.21797911, 
0.1, 63.333333333333336, 22.444444444444443, 3058795.078289458, 
0.1, 63.333333333333336, 23.555555555555557, 3534960.0823009405, 
0.1, 63.333333333333336, 24.666666666666668, 4050635.92252087, 
0.1, 63.333333333333336, 25.77777777777778, 4621523.826909994, 
0.1, 63.333333333333336, 26.88888888888889, 5268598.231820991, 
0.1, 63.333333333333336, 28.0, 5988568.597294066, 
0.1, 65.55555555555556, 18.0, 1299567.4239265672, 
0.1, 65.55555555555556, 19.11111111111111, 1548898.7651198176, 
0.1, 65.55555555555556, 20.22222222222222, 1856043.6436617672, 
0.1, 65.55555555555556, 21.333333333333332, 2181696.160441197, 
0.1, 65.55555555555556, 22.444444444444443, 2538872.391892667, 
0.1, 65.55555555555556, 23.555555555555557, 2932697.258339768, 
0.1, 65.55555555555556, 24.666666666666668, 3362587.6868529846, 
0.1, 65.55555555555556, 25.77777777777778, 3832533.1024551843, 
0.1, 65.55555555555556, 26.88888888888889, 4354589.058613951, 
0.1, 65.55555555555556, 28.0, 4947853.755894733, 
0.1, 67.77777777777777, 18.0, 1071792.3041789257, 
0.1, 67.77777777777777, 19.11111111111111, 1278126.9230413095, 
0.1, 67.77777777777777, 20.22222222222222, 1531222.0023554475, 
0.1, 67.77777777777777, 21.333333333333332, 1801159.83170175, 
0.1, 67.77777777777777, 22.444444444444443, 2098708.1814301102, 
0.1, 67.77777777777777, 23.555555555555557, 2424289.379398123, 
0.1, 67.77777777777777, 24.666666666666668, 2780073.9851828786, 
0.1, 67.77777777777777, 25.77777777777778, 3165617.621113162, 
0.1, 67.77777777777777, 26.88888888888889, 3598851.9853055757, 
0.1, 67.77777777777777, 28.0, 4074854.777752647, 
0.1, 70.0, 18.0, 880864.0869458438, 
0.1, 70.0, 19.11111111111111, 1059278.326824759, 
0.1, 70.0, 20.22222222222222, 1245344.897397973, 
0.1, 70.0, 21.333333333333332, 1479182.0282915223, 
0.1, 70.0, 22.444444444444443, 1723301.4267785018, 
0.1, 70.0, 23.555555555555557, 1992237.4147800237, 
0.1, 70.0, 24.666666666666668, 2284077.2893303046, 
0.1, 70.0, 25.77777777777778, 2602072.3204760393, 
0.1, 70.0, 26.88888888888889, 2948289.644950833, 
0.1, 70.0, 28.0, 3340678.9484426593, 
0.2, 50.0, 18.0, 3068688.441759939, 
0.2, 50.0, 19.11111111111111, 3683680.520581821, 
0.2, 50.0, 20.22222222222222, 4370335.731337698, 
0.2, 50.0, 21.333333333333332, 5133724.5269099455, 
0.2, 50.0, 22.444444444444443, 5977670.511717673, 
0.2, 50.0, 23.555555555555557, 6903738.806199295, 
0.2, 50.0, 24.666666666666668, 7927317.910968825, 
0.2, 50.0, 25.77777777777778, 9090581.011026733, 
0.2, 50.0, 26.88888888888889, 10428888.05246034, 
0.2, 50.0, 28.0, 11966498.209145887, 
0.2, 52.22222222222222, 18.0, 2644080.8488464328, 
0.2, 52.22222222222222, 19.11111111111111, 3176215.057194107, 
0.2, 52.22222222222222, 20.22222222222222, 3767854.9529236658, 
0.2, 52.22222222222222, 21.333333333333332, 4422699.098936664, 
0.2, 52.22222222222222, 22.444444444444443, 5151326.944376018, 
0.2, 52.22222222222222, 23.555555555555557, 5945785.205871579, 
0.2, 52.22222222222222, 24.666666666666668, 6826797.393182302, 
0.2, 52.22222222222222, 25.77777777777778, 7828707.812837236, 
0.2, 52.22222222222222, 26.88888888888889, 8982206.525953827, 
0.2, 52.22222222222222, 28.0, 10302260.997432409, 
0.2, 54.44444444444444, 18.0, 2237251.5966061116, 
0.2, 54.44444444444444, 19.11111111111111, 2691092.490521015, 
0.2, 54.44444444444444, 20.22222222222222, 3190834.468703045, 
0.2, 54.44444444444444, 21.333333333333332, 3747721.2288196017, 
0.2, 54.44444444444444, 22.444444444444443, 4359189.539424252, 
0.2, 54.44444444444444, 23.555555555555557, 5037827.165517965, 
0.2, 54.44444444444444, 24.666666666666668, 5780452.216267306, 
0.2, 54.44444444444444, 25.77777777777778, 6618734.6402102085, 
0.2, 54.44444444444444, 26.88888888888889, 7589234.581835524, 
0.2, 54.44444444444444, 28.0, 8685260.275267271, 
0.2, 56.666666666666664, 18.0, 1890809.074300886, 
0.2, 56.666666666666664, 19.11111111111111, 2271132.875544977, 
0.2, 56.666666666666664, 20.22222222222222, 2696601.251525062, 
0.2, 56.666666666666664, 21.333333333333332, 3163655.750230777, 
0.2, 56.666666666666664, 22.444444444444443, 3658574.82885394, 
0.2, 56.666666666666664, 23.555555555555557, 4252958.342666715, 
0.2, 56.666666666666664, 24.666666666666668, 4879685.602732544, 
0.2, 56.666666666666664, 25.77777777777778, 5578360.665866398, 
0.2, 56.666666666666664, 26.88888888888889, 6377911.597598629, 
0.2, 56.666666666666664, 28.0, 7298801.585449228, 
0.2, 58.888888888888886, 18.0, 1588976.0505691236, 
0.2, 58.888888888888886, 19.11111111111111, 1891645.3429900557, 
0.2, 58.888888888888886, 20.22222222222222, 2267448.810677108, 
0.2, 58.888888888888886, 21.333333333333332, 2662132.787385608, 
0.2, 58.888888888888886, 22.444444444444443, 3098911.135193372, 
0.2, 58.888888888888886, 23.555555555555557, 3576471.908043838, 
0.2, 58.888888888888886, 24.666666666666668, 4102031.350587026, 
0.2, 58.888888888888886, 25.77777777777778, 4683962.767703137, 
0.2, 58.888888888888886, 26.88888888888889, 5347107.080833734, 
0.2, 58.888888888888886, 28.0, 6112970.020294094, 
0.2, 61.111111111111114, 18.0, 1329708.30806701, 
0.2, 61.111111111111114, 19.11111111111111, 1586593.352907345, 
0.2, 61.111111111111114, 20.22222222222222, 1898962.3458300875, 
0.2, 61.111111111111114, 21.333333333333332, 2230313.6839538137, 
0.2, 61.111111111111114, 22.444444444444443, 2595318.601377291, 
0.2, 61.111111111111114, 23.555555555555557, 2995477.334477057, 
0.2, 61.111111111111114, 24.666666666666668, 3437147.713744632, 
0.2, 61.111111111111114, 25.77777777777778, 3918174.489037412, 
0.2, 61.111111111111114, 26.88888888888889, 4466024.709325184, 
0.2, 61.111111111111114, 28.0, 5097079.339292495, 
0.2, 63.333333333333336, 18.0, 1107087.7319487834, 
0.2, 63.333333333333336, 19.11111111111111, 1332449.0201431497, 
0.2, 63.333333333333336, 20.22222222222222, 1580950.664057798, 
0.2, 63.333333333333336, 21.333333333333332, 1858260.5116367864, 
0.2, 63.333333333333336, 22.444444444444443, 2162894.7421185123, 
0.2, 63.333333333333336, 23.555555555555557, 2499594.245418751, 
0.2, 63.333333333333336, 24.666666666666668, 2864232.128932334, 
0.2, 63.333333333333336, 25.77777777777778, 3267910.837423261, 
0.2, 63.333333333333336, 26.88888888888889, 3725461.537068076, 
0.2, 63.333333333333336, 28.0, 4234557.464747446, 
0.2, 65.55555555555556, 18.0, 918932.9380676083, 
0.2, 65.55555555555556, 19.11111111111111, 1095236.8201876925, 
0.2, 65.55555555555556, 20.22222222222222, 1312421.0466114236, 
0.2, 65.55555555555556, 21.333333333333332, 1542692.1495366243, 
0.2, 65.55555555555556, 22.444444444444443, 1795253.8848746144, 
0.2, 65.55555555555556, 23.555555555555557, 2073730.1185392463, 
0.2, 65.55555555555556, 24.666666666666668, 2377708.555708132, 
0.2, 65.55555555555556, 25.77777777777778, 2710010.145867978, 
0.2, 65.55555555555556, 26.88888888888889, 3079159.452626669, 
0.2, 65.55555555555556, 28.0, 3498660.943112494, 
0.2, 67.77777777777777, 18.0, 757871.6063084733, 
0.2, 67.77777777777777, 19.11111111111111, 903772.2144996065, 
0.2, 67.77777777777777, 20.22222222222222, 1082737.4613675806, 
0.2, 67.77777777777777, 21.333333333333332, 1273612.330997128, 
0.2, 67.77777777777777, 22.444444444444443, 1484010.7868209183, 
0.2, 67.77777777777777, 23.555555555555557, 1714231.4597309395, 
0.2, 67.77777777777777, 24.666666666666668, 1965809.1671231228, 
0.2, 67.77777777777777, 25.77777777777778, 2238429.6865327437, 
0.2, 67.77777777777777, 26.88888888888889, 2544772.6432962418, 
0.2, 67.77777777777777, 28.0, 2881357.4456992988, 
0.2, 70.0, 18.0, 622864.9691831027, 
0.2, 70.0, 19.11111111111111, 749022.888061727, 
0.2, 70.0, 20.22222222222222, 880591.821866172, 
0.2, 70.0, 21.333333333333332, 1045939.6428142069, 
0.2, 70.0, 22.444444444444443, 1218558.1249035313, 
0.2, 70.0, 23.555555555555557, 1408724.5857245114, 
0.2, 70.0, 24.666666666666668, 1615086.5400396462, 
0.2, 70.0, 25.77777777777778, 1839942.9829464229, 
0.2, 70.0, 26.88888888888889, 2084755.6008468126, 
0.2, 70.0, 28.0, 2362216.7382109486, 
0.30000000000000004, 50.0, 18.0, 2505573.6206294214, 
0.30000000000000004, 50.0, 19.11111111111111, 3007712.5502851224, 
0.30000000000000004, 50.0, 20.22222222222222, 3568364.182143504, 
0.30000000000000004, 50.0, 21.333333333333332, 4191668.5236467784, 
0.30000000000000004, 50.0, 22.444444444444443, 4880747.534729971, 
0.30000000000000004, 50.0, 23.555555555555557, 5636879.130879786, 
0.30000000000000004, 50.0, 24.666666666666668, 6472627.970233169, 
0.30000000000000004, 50.0, 25.77777777777778, 7422428.314149839, 
0.30000000000000004, 50.0, 26.88888888888889, 8515151.437711881, 
0.30000000000000004, 50.0, 28.0, 9770604.873445371, 
0.30000000000000004, 52.22222222222222, 18.0, 2158882.972779592, 
0.30000000000000004, 52.22222222222222, 19.11111111111111, 2593368.7344901506, 
0.30000000000000004, 52.22222222222222, 20.22222222222222, 3076440.686493771, 
0.30000000000000004, 52.22222222222222, 21.333333333333332, 3611118.6927539203, 
0.30000000000000004, 52.22222222222222, 22.444444444444443, 4206040.837323889, 
0.30000000000000004, 52.22222222222222, 23.555555555555557, 4854713.2915248005, 
0.30000000000000004, 52.22222222222222, 24.666666666666668, 5574056.730219663, 
0.30000000000000004, 52.22222222222222, 25.77777777777778, 6392113.16226378, 
0.30000000000000004, 52.22222222222222, 26.88888888888889, 7333940.917628008, 
0.30000000000000004, 52.22222222222222, 28.0, 8411760.880228626, 
0.30000000000000004, 54.44444444444444, 18.0, 1826708.2793039866, 
0.30000000000000004, 54.44444444444444, 19.11111111111111, 2197267.8174706874, 
0.30000000000000004, 54.44444444444444, 20.22222222222222, 2605305.4340023734, 
0.30000000000000004, 54.44444444444444, 21.333333333333332, 3060001.569601461, 
0.30000000000000004, 54.44444444444444, 22.444444444444443, 3559263.35455581, 
0.30000000000000004, 54.44444444444444, 23.555555555555557, 4113368.6559502366, 
0.30000000000000004, 54.44444444444444, 24.666666666666668, 4719719.470798351, 
0.30000000000000004, 54.44444444444444, 25.77777777777778, 5404174.203799537, 
0.30000000000000004, 54.44444444444444, 26.88888888888889, 6196584.087927166, 
0.30000000000000004, 54.44444444444444, 28.0, 7091485.319223128, 
0.30000000000000004, 56.666666666666664, 18.0, 1543839.1443537918, 
0.30000000000000004, 56.666666666666664, 19.11111111111111, 1854372.227715028, 
0.30000000000000004, 56.666666666666664, 20.22222222222222, 2201765.70199564, 
0.30000000000000004, 56.666666666666664, 21.333333333333332, 2583114.103295769, 
0.30000000000000004, 56.666666666666664, 22.444444444444443, 2987213.8388274824, 
0.30000000000000004, 56.666666666666664, 23.555555555555557, 3472525.9456154215, 
0.30000000000000004, 56.666666666666664, 24.666666666666668, 3984246.6106333714, 
0.30000000000000004, 56.666666666666664, 25.77777777777778, 4554712.410861626, 
0.30000000000000004, 56.666666666666664, 26.88888888888889, 5207543.012898571, 
0.30000000000000004, 56.666666666666664, 28.0, 5959446.53938916, 
0.30000000000000004, 58.888888888888886, 18.0, 1297393.5124657308, 
0.30000000000000004, 58.888888888888886, 19.11111111111111, 1544521.954879236, 
0.30000000000000004, 58.888888888888886, 20.22222222222222, 1851364.2013464973, 
0.30000000000000004, 58.888888888888886, 21.333333333333332, 2173622.318875946, 
0.30000000000000004, 58.888888888888886, 22.444444444444443, 2530250.346484246, 
0.30000000000000004, 58.888888888888886, 23.555555555555557, 2920177.0847018547, 
0.30000000000000004, 58.888888888888886, 24.666666666666668, 3349294.572612649, 
0.30000000000000004, 58.888888888888886, 25.77777777777778, 3824439.5850223796, 
0.30000000000000004, 58.888888888888886, 26.88888888888889, 4365894.649355177, 
0.30000000000000004, 58.888888888888886, 28.0, 4991219.12088382, 
0.30000000000000004, 61.111111111111114, 18.0, 1085702.2871679051, 
0.30000000000000004, 61.111111111111114, 19.11111111111111, 1295448.0479715043, 
0.30000000000000004, 61.111111111111114, 20.22222222222222, 1550496.2626807606, 
0.30000000000000004, 61.111111111111114, 21.333333333333332, 1821043.49734461, 
0.30000000000000004, 61.111111111111114, 22.444444444444443, 2119068.764442686, 
0.30000000000000004, 61.111111111111114, 23.555555555555557, 2445797.0018470157, 
0.30000000000000004, 61.111111111111114, 24.666666666666668, 2806419.3564160424, 
0.30000000000000004, 61.111111111111114, 25.77777777777778, 3199176.0737772873, 
0.30000000000000004, 61.111111111111114, 26.88888888888889, 3646493.905502754, 
0.30000000000000004, 61.111111111111114, 28.0, 4161747.8532496747, 
0.30000000000000004, 63.333333333333336, 18.0, 903933.3479232125, 
0.30000000000000004, 63.333333333333336, 19.11111111111111, 1087940.0692073803, 
0.30000000000000004, 63.333333333333336, 20.22222222222222, 1290840.81181861, 
0.30000000000000004, 63.333333333333336, 21.333333333333332, 1517263.3542244427, 
0.30000000000000004, 63.333333333333336, 22.444444444444443, 1765996.161846321, 
0.30000000000000004, 63.333333333333336, 23.555555555555557, 2040910.1550910296, 
0.30000000000000004, 63.333333333333336, 24.666666666666668, 2338635.740256592, 
0.30000000000000004, 63.333333333333336, 25.77777777777778, 2668238.025532754, 
0.30000000000000004, 63.333333333333336, 26.88888888888889, 3041826.6073938347, 
0.30000000000000004, 63.333333333333336, 28.0, 3457501.6917082686, 
0.30000000000000004, 65.55555555555556, 18.0, 750305.6020340719, 
0.30000000000000004, 65.55555555555556, 19.11111111111111, 894257.1189894056, 
0.30000000000000004, 65.55555555555556, 20.22222222222222, 1071587.297295815, 
0.30000000000000004, 65.55555555555556, 21.333333333333332, 1259602.865520698, 
0.30000000000000004, 65.55555555555556, 22.444444444444443, 1465818.6588973403, 
0.30000000000000004, 65.55555555555556, 23.555555555555557, 1693193.551554142, 
0.30000000000000004, 65.55555555555556, 24.666666666666668, 1941390.9061782917, 
0.30000000000000004, 65.55555555555556, 25.77777777777778, 2212714.018380652, 
0.30000000000000004, 65.55555555555556, 26.88888888888889, 2514123.165200963, 
0.30000000000000004, 65.55555555555556, 28.0, 2856644.6978767244, 
0.30000000000000004, 67.77777777777777, 18.0, 618799.575333072, 
0.30000000000000004, 67.77777777777777, 19.11111111111111, 737926.923076408, 
0.30000000000000004, 67.77777777777777, 20.22222222222222, 884051.4352489952, 
0.30000000000000004, 67.77777777777777, 21.333333333333332, 1039900.1136865463, 
0.30000000000000004, 67.77777777777777, 22.444444444444443, 1211689.7334991442, 
0.30000000000000004, 67.77777777777777, 23.555555555555557, 1399664.125789057, 
0.30000000000000004, 67.77777777777777, 24.666666666666668, 1605076.4637124108, 
0.30000000000000004, 67.77777777777777, 25.77777777777778, 1827670.1857011064, 
0.30000000000000004, 67.77777777777777, 26.88888888888889, 2077798.162489793, 
0.30000000000000004, 67.77777777777777, 28.0, 2352618.5028441236, 
0.30000000000000004, 70.0, 18.0, 508567.1177176568, 
0.30000000000000004, 70.0, 19.11111111111111, 611574.6271390109, 
0.30000000000000004, 70.0, 20.22222222222222, 719000.2117466466, 
0.30000000000000004, 70.0, 21.333333333333332, 854006.1422145669, 
0.30000000000000004, 70.0, 22.444444444444443, 994948.5426454343, 
0.30000000000000004, 70.0, 23.555555555555557, 1150218.807712891, 
0.30000000000000004, 70.0, 24.666666666666668, 1318712.637844762, 
0.30000000000000004, 70.0, 25.77777777777778, 1502307.1546777156, 
0.30000000000000004, 70.0, 26.88888888888889, 1702195.8201613496, 
0.30000000000000004, 70.0, 28.0, 1928741.890159485, 
0.4, 50.0, 18.0, 2169890.406517233, 
0.4, 50.0, 19.11111111111111, 2604755.4758281973, 
0.4, 50.0, 20.22222222222222, 3090294.0316907563, 
0.4, 50.0, 21.333333333333332, 3630091.425721723, 
0.4, 50.0, 22.444444444444443, 4226851.354534427, 
0.4, 50.0, 23.555555555555557, 4881680.525404241, 
0.4, 50.0, 24.666666666666668, 5605460.251467632, 
0.4, 50.0, 25.77777777777778, 6428011.477822664, 
0.4, 50.0, 26.88888888888889, 7374337.462130075, 
0.4, 50.0, 28.0, 8461592.030743733, 
0.4, 52.22222222222222, 18.0, 1869647.4982247953, 
0.4, 52.22222222222222, 19.11111111111111, 2245923.205448772, 
0.4, 52.22222222222222, 20.22222222222222, 2664275.787739644, 
0.4, 52.22222222222222, 21.333333333333332, 3127320.5240057483, 
0.4, 52.22222222222222, 22.444444444444443, 3642538.2144772597, 
0.4, 52.22222222222222, 23.555555555555557, 4204305.038550447, 
0.4, 52.22222222222222, 24.666666666666668, 4827274.730505852, 
0.4, 52.22222222222222, 25.77777777777778, 5535732.382385314, 
0.4, 52.22222222222222, 26.88888888888889, 6351379.144520013, 
0.4, 52.22222222222222, 28.0, 7284798.612838142, 
0.4, 54.44444444444444, 18.0, 1581975.775180612, 
0.4, 54.44444444444444, 19.11111111111111, 1902889.7488476047, 
0.4, 54.44444444444444, 20.22222222222222, 2256260.690463698, 
0.4, 54.44444444444444, 21.333333333333332, 2650039.094895121, 
0.4, 54.44444444444444, 22.444444444444443, 3082412.4838043507, 
0.4, 54.44444444444444, 23.555555555555557, 3562281.7511835573, 
0.4, 54.44444444444444, 24.666666666666668, 4087396.9604474194, 
0.4, 54.44444444444444, 25.77777777777778, 4680152.146966943, 
0.4, 54.44444444444444, 26.88888888888889, 5366399.236831351, 
0.4, 54.44444444444444, 28.0, 6141406.437011629, 
0.4, 56.666666666666664, 18.0, 1337003.918367215, 
0.4, 56.666666666666664, 19.11111111111111, 1605933.4572735564, 
0.4, 56.666666666666664, 20.22222222222222, 1906785.031109502, 
0.4, 56.666666666666664, 21.333333333333332, 2237042.434327997, 
0.4, 56.666666666666664, 22.444444444444443, 2587003.0709610335, 
0.4, 56.666666666666664, 23.555555555555557, 3007295.684203535, 
0.4, 56.666666666666664, 24.666666666666668, 3450458.779750547, 
0.4, 56.666666666666664, 25.77777777777778, 3944496.654738435, 
0.4, 56.666666666666664, 26.88888888888889, 4509864.540470317, 
0.4, 56.666666666666664, 28.0, 5161032.095606272, 
0.4, 58.888888888888886, 18.0, 1123575.7405004457, 
0.4, 58.888888888888886, 19.11111111111111, 1337595.249628221, 
0.4, 58.888888888888886, 20.22222222222222, 1603328.4300231552, 
0.4, 58.888888888888886, 21.333333333333332, 1882412.146379409, 
0.4, 58.888888888888886, 22.444444444444443, 2191261.0779897356, 
0.4, 58.888888888888886, 23.555555555555557, 2528947.5389009886, 
0.4, 58.888888888888886, 24.666666666666668, 2900574.1846398986, 
0.4, 58.888888888888886, 25.77777777777778, 3312061.8358681975, 
0.4, 58.888888888888886, 26.88888888888889, 3780975.6765881376, 
0.4, 58.888888888888886, 28.0, 4322522.554540021, 
0.4, 61.111111111111114, 18.0, 940245.7616342736, 
0.4, 61.111111111111114, 19.11111111111111, 1121890.9188262848, 
0.4, 61.111111111111114, 20.22222222222222, 1342769.151954369, 
0.4, 61.111111111111114, 21.333333333333332, 1577069.9300968922, 
0.4, 61.111111111111114, 22.444444444444443, 1835167.3823734687, 
0.4, 61.111111111111114, 23.555555555555557, 2118122.3360993313, 
0.4, 61.111111111111114, 24.666666666666668, 2430430.4563286672, 
0.4, 61.111111111111114, 25.77777777777778, 2770567.75107049, 
0.4, 61.111111111111114, 26.88888888888889, 3157956.3569105174, 
0.4, 61.111111111111114, 28.0, 3604179.3650595704, 
0.4, 63.333333333333336, 18.0, 782829.2426294194, 
0.4, 63.333333333333336, 19.11111111111111, 942183.7377285917, 
0.4, 63.333333333333336, 20.22222222222222, 1117900.9352766443, 
0.4, 63.333333333333336, 21.333333333333332, 1313988.608989555, 
0.4, 63.333333333333336, 22.444444444444443, 1529397.539144729, 
0.4, 63.333333333333336, 23.555555555555557, 1767480.0411504703, 
0.4, 63.333333333333336, 24.666666666666668, 2025317.961260435, 
0.4, 63.333333333333336, 25.77777777777778, 2310761.913454997, 
0.4, 63.333333333333336, 26.88888888888889, 2634299.1159104956, 
0.4, 63.333333333333336, 28.0, 2994284.298647033, 
0.4, 65.55555555555556, 18.0, 649783.7119632836, 
0.4, 65.55555555555556, 19.11111111111111, 774449.3825599088, 
0.4, 65.55555555555556, 20.22222222222222, 928021.8218308836, 
0.4, 65.55555555555556, 21.333333333333332, 1090848.0802205985, 
0.4, 65.55555555555556, 22.444444444444443, 1269436.1959463335, 
0.4, 65.55555555555556, 23.555555555555557, 1466348.629169884, 
0.4, 65.55555555555556, 24.666666666666668, 1681293.8434264923, 
0.4, 65.55555555555556, 25.77777777777778, 1916266.5512275922, 
0.4, 65.55555555555556, 26.88888888888889, 2177294.5293069757, 
0.4, 65.55555555555556, 28.0, 2473926.8779473663, 
0.4, 67.77777777777777, 18.0, 535896.1520894628, 
0.4, 67.77777777777777, 19.11111111111111, 639063.4615206547, 
0.4, 67.77777777777777, 20.22222222222222, 765611.0011777238, 
0.4, 67.77777777777777, 21.333333333333332, 900579.915850875, 
0.4, 67.77777777777777, 22.444444444444443, 1049354.0907150551, 
0.4, 67.77777777777777, 23.555555555555557, 1212144.6896990614, 
0.4, 67.77777777777777, 24.666666666666668, 1390036.9925914393, 
0.4, 67.77777777777777, 25.77777777777778, 1582808.810556581, 
0.4, 67.77777777777777, 26.88888888888889, 1799425.9926527878, 
0.4, 67.77777777777777, 28.0, 2037427.3888763236, 
0.4, 70.0, 18.0, 440432.0434729219, 
0.4, 70.0, 19.11111111111111, 529639.1634123795, 
0.4, 70.0, 20.22222222222222, 622672.4486989866, 
0.4, 70.0, 21.333333333333332, 739591.0141457611, 
0.4, 70.0, 22.444444444444443, 861650.7133892509, 
0.4, 70.0, 23.555555555555557, 996118.7073900119, 
0.4, 70.0, 24.666666666666668, 1142038.6446651523, 
0.4, 70.0, 25.77777777777778, 1301036.1602380197, 
0.4, 70.0, 26.88888888888889, 1474144.8224754166, 
0.4, 70.0, 28.0, 1670339.4742213297, 
0.5, 50.0, 18.0, 1940808.981078874, 
0.5, 50.0, 19.11111111111111, 2329764.1234866637, 
0.5, 50.0, 20.22222222222222, 2764043.010128968, 
0.5, 50.0, 21.333333333333332, 3246852.47698116, 
0.5, 50.0, 22.444444444444443, 3780610.7838104176, 
0.5, 50.0, 23.555555555555557, 4366307.7996963095, 
0.5, 50.0, 24.666666666666668, 5013676.066981877, 
0.5, 50.0, 25.77777777777778, 5749388.249824144, 
0.5, 50.0, 26.88888888888889, 6595807.941738453, 
0.5, 50.0, 28.0, 7568277.9914453905, 
0.5, 52.22222222222222, 18.0, 1672263.559997224, 
0.5, 52.22222222222222, 19.11111111111111, 2008814.7838510717, 
0.5, 52.22222222222222, 20.22222222222222, 2383000.708877058, 
0.5, 52.22222222222222, 21.333333333333332, 2797160.5116428467, 
0.5, 52.22222222222222, 22.444444444444443, 3257985.2232847447, 
0.5, 52.22222222222222, 23.555555555555557, 3760444.7457374684, 
0.5, 52.22222222222222, 24.666666666666668, 4317645.777391225, 
0.5, 52.22222222222222, 25.77777777777778, 4951309.56490417, 
0.5, 52.22222222222222, 26.88888888888889, 5680846.2072084835, 
0.5, 52.22222222222222, 28.0, 6515721.960280903, 
0.5, 54.44444444444444, 18.0, 1414962.1488247095, 
0.5, 54.44444444444444, 19.11111111111111, 1701996.3328442983, 
0.5, 54.44444444444444, 20.22222222222222, 2018060.911534976, 
0.5, 54.44444444444444, 21.333333333333332, 2370267.023687003, 
0.5, 54.44444444444444, 22.444444444444443, 2756993.539392199, 
0.5, 54.44444444444444, 23.555555555555557, 3186201.6602613707, 
0.5, 54.44444444444444, 24.666666666666668, 3655878.98183458, 
0.5, 54.44444444444444, 25.77777777777778, 4186055.338263868, 
0.5, 54.44444444444444, 26.88888888888889, 4799853.395183158, 
0.5, 54.44444444444444, 28.0, 5493040.908245113, 
0.5, 56.666666666666664, 18.0, 1195852.659061069, 
0.5, 56.666666666666664, 19.11111111111111, 1436390.5511219706, 
0.5, 56.666666666666664, 20.22222222222222, 1705480.3792159597, 
0.5, 56.666666666666664, 21.333333333333332, 2000871.5806836043, 
0.5, 56.666666666666664, 22.444444444444443, 2313885.889867834, 
0.5, 56.666666666666664, 23.555555555555557, 2689807.031328338, 
0.5, 56.666666666666664, 24.666666666666668, 3086184.1540332786, 
0.5, 56.666666666666664, 25.77777777777778, 3528065.0628062636, 
0.5, 56.666666666666664, 26.88888888888889, 4033745.4727229928, 
0.5, 56.666666666666664, 28.0, 4616167.439933528, 
0.5, 58.888888888888886, 18.0, 1004956.6934514641, 
0.5, 58.888888888888886, 19.11111111111111, 1196381.561819801, 
0.5, 58.888888888888886, 20.22222222222222, 1434060.5439159158, 
0.5, 58.888888888888886, 21.333333333333332, 1683680.6083902572, 
0.5, 58.888888888888886, 22.444444444444443, 1959923.490733807, 
0.5, 58.888888888888886, 23.555555555555557, 2261959.4434053614, 
0.5, 58.888888888888886, 24.666666666666668, 2594352.4202543357, 
0.5, 58.888888888888886, 25.77777777777778, 2962398.1642736164, 
0.5, 58.888888888888886, 26.88888888888889, 3381807.453649734, 
0.5, 58.888888888888886, 28.0, 3866181.706491012, 
0.5, 61.111111111111114, 18.0, 840981.3754281199, 
0.5, 61.111111111111114, 19.11111111111111, 1003449.7431341085, 
0.5, 61.111111111111114, 20.22222222222222, 1201009.2407438853, 
0.5, 61.111111111111114, 21.333333333333332, 1410574.2275869972, 
0.5, 61.111111111111114, 22.444444444444443, 1641423.6068309702, 
0.5, 61.111111111111114, 23.555555555555557, 1894506.2112715044, 
0.5, 61.111111111111114, 24.666666666666668, 2173843.0859746938, 
0.5, 61.111111111111114, 25.77777777777778, 2478071.131064933, 
0.5, 61.111111111111114, 26.88888888888889, 2824562.0336118015, 
0.5, 61.111111111111114, 28.0, 3223676.025350092, 
0.5, 63.333333333333336, 18.0, 700183.7605176234, 
0.5, 63.333333333333336, 19.11111111111111, 842714.7539423858, 
0.5, 63.333333333333336, 20.22222222222222, 999880.9933556676, 
0.5, 63.333333333333336, 21.333333333333332, 1175267.1405444145, 
0.5, 63.333333333333336, 22.444444444444443, 1367934.744859404, 
0.5, 63.333333333333336, 23.555555555555557, 1580882.2083546307, 
0.5, 63.333333333333336, 24.666666666666668, 1811499.4549718474, 
0.5, 63.333333333333336, 25.77777777777778, 2066808.2873211438, 
0.5, 63.333333333333336, 26.88888888888889, 2356188.7584973862, 
0.5, 63.333333333333336, 28.0, 2678169.294294019, 
0.5, 65.55555555555556, 18.0, 581184.2202488182, 
0.5, 65.55555555555556, 19.11111111111111, 692688.5858146785, 
0.5, 65.55555555555556, 20.22222222222222, 830047.9512868216, 
0.5, 65.55555555555556, 21.333333333333332, 975684.1841993609, 
0.5, 65.55555555555556, 22.444444444444443, 1135418.2508938978, 
0.5, 65.55555555555556, 23.555555555555557, 1311542.0854149966, 
0.5, 65.55555555555556, 24.666666666666668, 1503794.9296214099, 
0.5, 65.55555555555556, 25.77777777777778, 1713960.9086215917, 
0.5, 65.55555555555556, 26.88888888888889, 1947431.4298275223, 
0.5, 65.55555555555556, 28.0, 2212747.468181655, 
0.5, 67.77777777777777, 18.0, 479320.089981042, 
0.5, 67.77777777777777, 19.11111111111111, 571595.736758602, 
0.5, 67.77777777777777, 20.22222222222222, 684783.2971820246, 
0.5, 67.77777777777777, 21.333333333333332, 805503.1644054388, 
0.5, 67.77777777777777, 22.444444444444443, 938570.8317225378, 
0.5, 67.77777777777777, 23.555555555555557, 1084175.1698929965, 
0.5, 67.77777777777777, 24.666666666666668, 1243286.8826695322, 
0.5, 67.77777777777777, 25.77777777777778, 1415707.2383160407, 
0.5, 67.77777777777777, 26.88888888888889, 1609455.5360206682, 
0.5, 67.77777777777777, 28.0, 1822330.4562989436, 
0.5, 70.0, 18.0, 393934.39546983835, 
0.5, 70.0, 19.11111111111111, 473723.6691744799, 
0.5, 70.0, 20.22222222222222, 556935.1692028737, 
0.5, 70.0, 21.333333333333332, 661510.3132711722, 
0.5, 70.0, 22.444444444444443, 770683.8271998215, 
0.5, 70.0, 23.555555555555557, 890955.6573533155, 
0.5, 70.0, 24.666666666666668, 1021470.4169612034, 
0.5, 70.0, 25.77777777777778, 1163682.1181910085, 
0.5, 70.0, 26.88888888888889, 1318515.2126937567, 
0.5, 70.0, 28.0, 1493997.04394406, 
0.6, 50.0, 18.0, 1771708.0979091942, 
0.6, 50.0, 19.11111111111111, 2126773.9401664953, 
0.6, 50.0, 20.22222222222222, 2523214.5109368605, 
0.6, 50.0, 21.333333333333332, 2963957.2375568417, 
0.6, 50.0, 22.444444444444443, 3451209.679067088, 
0.6, 50.0, 23.555555555555557, 3985875.4581740294, 
0.6, 50.0, 24.666666666666668, 4576839.129849594, 
0.6, 50.0, 25.77777777777778, 5248449.393806385, 
0.6, 50.0, 26.88888888888889, 6021121.32443645, 
0.6, 50.0, 28.0, 6908860.962307553, 
0.6, 52.22222222222222, 18.0, 1526560.7898406223, 
0.6, 52.22222222222222, 19.11111111111111, 1833788.6182751607, 
0.6, 52.22222222222222, 20.22222222222222, 2175372.071337943, 
0.6, 52.22222222222222, 21.333333333333332, 2553446.5153157986, 
0.6, 52.22222222222222, 22.444444444444443, 2974119.9980192664, 
0.6, 52.22222222222222, 23.555555555555557, 3432800.6891536512, 
0.6, 52.22222222222222, 24.666666666666668, 3941453.312656838, 
0.6, 52.22222222222222, 25.77777777777778, 4519906.563148504, 
0.6, 52.22222222222222, 26.88888888888889, 5185879.355676256, 
0.6, 52.22222222222222, 28.0, 5948013.160129384, 
0.6, 54.44444444444444, 18.0, 1291677.8115454589, 
0.6, 54.44444444444444, 19.11111111111111, 1553702.9738164884, 
0.6, 54.44444444444444, 20.22222222222222, 1842229.1394452397, 
0.6, 54.44444444444444, 21.333333333333332, 2163747.8603066723, 
0.6, 54.44444444444444, 22.444444444444443, 2516779.254035192, 
0.6, 54.44444444444444, 23.555555555555557, 2908590.870142607, 
0.6, 54.44444444444444, 24.666666666666668, 3337345.643099698, 
0.6, 54.44444444444444, 25.77777777777778, 3821328.226220065, 
0.6, 54.44444444444444, 26.88888888888889, 4381646.628765957, 
0.6, 54.44444444444444, 28.0, 5014437.357907523, 
0.6, 56.666666666666664, 18.0, 1091659.1280338035, 
0.6, 56.666666666666664, 19.11111111111111, 1311239.1770613014, 
0.6, 56.666666666666664, 20.22222222222222, 1556883.4584650765, 
0.6, 56.666666666666664, 21.333333333333332, 1826537.499019047, 
0.6, 56.666666666666664, 22.444444444444443, 2112279.1622892115, 
0.6, 56.666666666666664, 23.555555555555557, 2455446.643990893, 
0.6, 56.666666666666664, 24.666666666666668, 2817287.7962983754, 
0.6, 56.666666666666664, 25.77777777777778, 3220668.0320747853, 
0.6, 56.666666666666664, 26.88888888888889, 3682288.9777412047, 
0.6, 56.666666666666664, 28.0, 4213965.060120779, 
0.6, 58.888888888888886, 18.0, 917395.7505319518, 
0.6, 58.888888888888886, 19.11111111111111, 1092141.9479866107, 
0.6, 58.888888888888886, 20.22222222222222, 1309112.1812181252, 
0.6, 58.888888888888886, 21.333333333333332, 1536983.0814156097, 
0.6, 58.888888888888886, 22.444444444444443, 1789157.1780986225, 
0.6, 58.888888888888886, 23.555555555555557, 2064877.0188582444, 
0.6, 58.888888888888886, 24.666666666666668, 2368308.9044857034, 
0.6, 58.888888888888886, 25.77777777777778, 2704287.164807591, 
0.6, 58.888888888888886, 26.88888888888889, 3087153.71250511, 
0.6, 58.888888888888886, 28.0, 3529324.8867649077, 
0.6, 61.111111111111114, 18.0, 767707.4496061702, 
0.6, 61.111111111111114, 19.11111111111111, 916020.0993955266, 
0.6, 61.111111111111114, 20.22222222222222, 1096366.4215459644, 
0.6, 61.111111111111114, 21.333333333333332, 1287672.2058080405, 
0.6, 61.111111111111114, 22.444444444444443, 1498407.8931380222, 
0.6, 61.111111111111114, 23.555555555555557, 1729439.6454117517, 
0.6, 61.111111111111114, 24.666666666666668, 1984438.1577749702, 
0.6, 61.111111111111114, 25.77777777777778, 2262159.0959776742, 
0.6, 61.111111111111114, 26.88888888888889, 2578460.5681364154, 
0.6, 61.111111111111114, 28.0, 2942800.128621402, 
0.6, 63.333333333333336, 18.0, 639177.4000571624, 
0.6, 63.333333333333336, 19.11111111111111, 769289.8004611005, 
0.6, 63.333333333333336, 20.22222222222222, 912762.2914692872, 
0.6, 63.333333333333336, 21.333333333333332, 1072867.2066179505, 
0.6, 63.333333333333336, 22.444444444444443, 1248747.8615909494, 
0.6, 63.333333333333336, 23.555555555555557, 1443141.4104573557, 
0.6, 63.333333333333336, 24.666666666666668, 1653665.190660658, 
0.6, 63.333333333333336, 25.77777777777778, 1886729.201674015, 
0.6, 63.333333333333336, 26.88888888888889, 2150896.2212818507, 
0.6, 63.333333333333336, 28.0, 2444822.892170877, 
0.6, 65.55555555555556, 18.0, 530546.1791605474, 
0.6, 65.55555555555556, 19.11111111111111, 632335.2729617541, 
0.6, 65.55555555555556, 20.22222222222222, 757726.644551236, 
0.6, 65.55555555555556, 21.333333333333332, 890673.7278116925, 
0.6, 65.55555555555556, 22.444444444444443, 1036490.3136960804, 
0.6, 65.55555555555556, 23.555555555555557, 1197268.6421652683, 
0.6, 65.55555555555556, 24.666666666666668, 1372770.6746925667, 
0.6, 65.55555555555556, 25.77777777777778, 1564625.0872234944, 
0.6, 65.55555555555556, 26.88888888888889, 1777753.5388517885, 
0.6, 65.55555555555556, 28.0, 2019952.8373092287, 
0.6, 67.77777777777777, 18.0, 437557.3759133711, 
0.6, 67.77777777777777, 19.11111111111111, 521793.131327452, 
0.6, 67.77777777777777, 20.22222222222222, 625118.7647822647, 
0.6, 67.77777777777777, 21.333333333333332, 735320.4221444187, 
0.6, 67.77777777777777, 22.444444444444443, 856794.0272513655, 
0.6, 67.77777777777777, 23.555555555555557, 989711.9947289833, 
0.6, 67.77777777777777, 24.666666666666668, 1134960.4518139693, 
0.6, 67.77777777777777, 25.77777777777778, 1292357.9820817292, 
0.6, 67.77777777777777, 26.88888888888889, 1469225.1706334807, 
0.6, 67.77777777777777, 28.0, 1663552.4969060228, 
0.6, 70.0, 18.0, 359611.25762665237, 
0.6, 70.0, 19.11111111111111, 432448.566051629, 
0.6, 70.0, 20.22222222222222, 508409.9254006174, 
0.6, 70.0, 21.333333333333332, 603873.5343348834, 
0.6, 70.0, 22.444444444444443, 703534.8614362595, 
0.6, 70.0, 23.555555555555557, 813327.5187820906, 
0.6, 70.0, 24.666666666666668, 932470.6486564311, 
0.6, 70.0, 25.77777777777778, 1062291.5764976805, 
0.6, 70.0, 26.88888888888889, 1203634.2073434873, 
0.6, 70.0, 28.0, 1363826.469690331, 
0.7000000000000001, 50.0, 18.0, 1640282.9679741273, 
0.7000000000000001, 50.0, 19.11111111111111, 1969010.061478607, 
0.7000000000000001, 50.0, 20.22222222222222, 2336042.7102631135, 
0.7000000000000001, 50.0, 21.333333333333332, 2744091.1853964506, 
0.7000000000000001, 50.0, 22.444444444444443, 3195199.289409886, 
0.7000000000000001, 50.0, 23.555555555555557, 3690203.6143676434, 
0.7000000000000001, 50.0, 24.666666666666668, 4237329.659840268, 
0.7000000000000001, 50.0, 25.77777777777778, 4859119.941425014, 
0.7000000000000001, 50.0, 26.88888888888889, 5574475.145332391, 
0.7000000000000001, 50.0, 28.0, 6396362.345438264, 
0.7000000000000001, 52.22222222222222, 18.0, 1413320.6627591099, 
0.7000000000000001, 52.22222222222222, 19.11111111111111, 1697758.3615332784, 
0.7000000000000001, 52.22222222222222, 20.22222222222222, 2014003.1881285163, 
0.7000000000000001, 52.22222222222222, 21.333333333333332, 2364032.1075735465, 
0.7000000000000001, 52.22222222222222, 22.444444444444443, 2753500.0733017377, 
0.7000000000000001, 52.22222222222222, 23.555555555555557, 3178155.876531516, 
0.7000000000000001, 52.22222222222222, 24.666666666666668, 3649076.699172807, 
0.7000000000000001, 52.22222222222222, 25.77777777777778, 4184620.3452567584, 
0.7000000000000001, 52.22222222222222, 26.88888888888889, 4801191.342480605, 
0.7000000000000001, 52.22222222222222, 28.0, 5506790.137359435, 
0.7000000000000001, 54.44444444444444, 18.0, 1195861.2803590077, 
0.7000000000000001, 54.44444444444444, 19.11111111111111, 1438449.4422356912, 
0.7000000000000001, 54.44444444444444, 20.22222222222222, 1705572.7656850931, 
0.7000000000000001, 54.44444444444444, 21.333333333333332, 2003241.259911768, 
0.7000000000000001, 54.44444444444444, 22.444444444444443, 2330084.820076349, 
0.7000000000000001, 54.44444444444444, 23.555555555555557, 2692831.8895929605, 
0.7000000000000001, 54.44444444444444, 24.666666666666668, 3089781.676270053, 
0.7000000000000001, 54.44444444444444, 25.77777777777778, 3537862.479662727, 
0.7000000000000001, 54.44444444444444, 26.88888888888889, 4056616.5190121625, 
0.7000000000000001, 54.44444444444444, 28.0, 4642466.8950011525, 
0.7000000000000001, 56.666666666666664, 18.0, 1010679.9628338724, 
0.7000000000000001, 56.666666666666664, 19.11111111111111, 1213971.585732572, 
0.7000000000000001, 56.666666666666664, 20.22222222222222, 1441393.9988503717, 
0.7000000000000001, 56.666666666666664, 21.333333333333332, 1691045.1295801206, 
0.7000000000000001, 56.666666666666664, 22.444444444444443, 1955590.5047780792, 
0.7000000000000001, 56.666666666666664, 23.555555555555557, 2273301.856925825, 
0.7000000000000001, 56.666666666666664, 24.666666666666668, 2608301.668656953, 
0.7000000000000001, 56.666666666666664, 25.77777777777778, 2981759.1987897446, 
0.7000000000000001, 56.666666666666664, 26.88888888888889, 3409137.148763728, 
0.7000000000000001, 56.666666666666664, 28.0, 3901373.5523990644, 
0.7000000000000001, 58.888888888888886, 18.0, 849343.4252884063, 
0.7000000000000001, 58.888888888888886, 19.11111111111111, 1011126.9672507524, 
0.7000000000000001, 58.888888888888886, 20.22222222222222, 1212002.370228827, 
0.7000000000000001, 58.888888888888886, 21.333333333333332, 1422969.8297849232, 
0.7000000000000001, 58.888888888888886, 22.444444444444443, 1656437.677136043, 
0.7000000000000001, 58.888888888888886, 23.555555555555557, 1911704.6476173885, 
0.7000000000000001, 58.888888888888886, 24.666666666666668, 2192627.9862431763, 
0.7000000000000001, 58.888888888888886, 25.77777777777778, 2503683.412735794, 
0.7000000000000001, 58.888888888888886, 26.88888888888889, 2858148.9581246837, 
0.7000000000000001, 58.888888888888886, 28.0, 3267519.9187944354, 
0.7000000000000001, 61.111111111111114, 18.0, 710758.9875905154, 
0.7000000000000001, 61.111111111111114, 19.11111111111111, 848069.8198160288, 
0.7000000000000001, 61.111111111111114, 20.22222222222222, 1015038.06978296, 
0.7000000000000001, 61.111111111111114, 21.333333333333332, 1192152.8100555413, 
0.7000000000000001, 61.111111111111114, 22.444444444444443, 1387256.1451250224, 
0.7000000000000001, 61.111111111111114, 23.555555555555557, 1601149.9850657138, 
0.7000000000000001, 61.111111111111114, 24.666666666666668, 1837232.7332236806, 
0.7000000000000001, 61.111111111111114, 25.77777777777778, 2094352.3599394355, 
0.7000000000000001, 61.111111111111114, 26.88888888888889, 2387190.6204516455, 
0.7000000000000001, 61.111111111111114, 28.0, 2724503.5086909435, 
0.7000000000000001, 63.333333333333336, 18.0, 591763.2842932821, 
0.7000000000000001, 63.333333333333336, 19.11111111111111, 712223.9598169022, 
0.7000000000000001, 63.333333333333336, 20.22222222222222, 845053.6757567181, 
0.7000000000000001, 63.333333333333336, 21.333333333333332, 993282.0242737294, 
0.7000000000000001, 63.333333333333336, 22.444444444444443, 1156115.869808893, 
0.7000000000000001, 63.333333333333336, 23.555555555555557, 1336089.3246155297, 
0.7000000000000001, 63.333333333333336, 24.666666666666668, 1530996.4718078456, 
0.7000000000000001, 63.333333333333336, 25.77777777777778, 1746771.817737623, 
0.7000000000000001, 63.333333333333336, 26.88888888888889, 1991342.9541875669, 
0.7000000000000001, 63.333333333333336, 28.0, 2263466.1739558587, 
0.7000000000000001, 65.55555555555556, 18.0, 491190.31652436394, 
0.7000000000000001, 65.55555555555556, 19.11111111111111, 585428.7055031547, 
0.7000000000000001, 65.55555555555556, 20.22222222222222, 701518.5576587458, 
0.7000000000000001, 65.55555555555556, 21.333333333333332, 824603.6395474115, 
0.7000000000000001, 65.55555555555556, 22.444444444444443, 959603.565639388, 
0.7000000000000001, 65.55555555555556, 23.555555555555557, 1108455.3737439958, 
0.7000000000000001, 65.55555555555556, 24.666666666666668, 1270938.6830087048, 
0.7000000000000001, 65.55555555555556, 25.77777777777778, 1448561.3543598924, 
0.7000000000000001, 65.55555555555556, 26.88888888888889, 1645879.958710769, 
0.7000000000000001, 65.55555555555556, 28.0, 1870112.937373478, 
0.7000000000000001, 67.77777777777777, 18.0, 405099.41342433303, 
0.7000000000000001, 67.77777777777777, 19.11111111111111, 483086.5689062137, 
0.7000000000000001, 67.77777777777777, 20.22222222222222, 578747.5171804103, 
0.7000000000000001, 67.77777777777777, 21.333333333333332, 680774.4265945402, 
0.7000000000000001, 67.77777777777777, 22.444444444444443, 793237.1317943853, 
0.7000000000000001, 67.77777777777777, 23.555555555555557, 916295.2577060781, 
0.7000000000000001, 67.77777777777777, 24.666666666666668, 1050769.198736309, 
0.7000000000000001, 67.77777777777777, 25.77777777777778, 1196490.9959127596, 
0.7000000000000001, 67.77777777777777, 26.88888888888889, 1360238.1940642328, 
0.7000000000000001, 67.77777777777777, 28.0, 1540150.338662411, 
0.7000000000000001, 70.0, 18.0, 332935.33041523997, 
0.7000000000000001, 70.0, 19.11111111111111, 400369.57456841593, 
0.7000000000000001, 70.0, 20.22222222222222, 470696.12785975507, 
0.7000000000000001, 70.0, 21.333333333333332, 559078.2558079249, 
0.7000000000000001, 70.0, 22.444444444444443, 651346.7156083859, 
0.7000000000000001, 70.0, 23.555555555555557, 752994.9645865968, 
0.7000000000000001, 70.0, 24.666666666666668, 863300.0689740726, 
0.7000000000000001, 70.0, 25.77777777777778, 983490.8933406234, 
0.7000000000000001, 70.0, 26.88888888888889, 1114348.7419324033, 
0.7000000000000001, 70.0, 28.0, 1262657.9582411489, 
0.8, 50.0, 18.0, 1534344.2208799694, 
0.8, 50.0, 19.11111111111111, 1841840.2602909105, 
0.8, 50.0, 20.22222222222222, 2185167.865668849, 
0.8, 50.0, 21.333333333333332, 2566862.2634549728, 
0.8, 50.0, 22.444444444444443, 2988835.2558588367, 
0.8, 50.0, 23.555555555555557, 3451869.4030996477, 
0.8, 50.0, 24.666666666666668, 3963658.9554844126, 
0.8, 50.0, 25.77777777777778, 4545290.505513366, 
0.8, 50.0, 26.88888888888889, 5214444.02623017, 
0.8, 50.0, 28.0, 5983249.104572943, 
0.8, 52.22222222222222, 18.0, 1322040.4244232164, 
0.8, 52.22222222222222, 19.11111111111111, 1588107.5285970536, 
0.8, 52.22222222222222, 20.22222222222222, 1883927.4764618329, 
0.8, 52.22222222222222, 21.333333333333332, 2211349.549468332, 
0.8, 52.22222222222222, 22.444444444444443, 2575663.472188009, 
0.8, 52.22222222222222, 23.555555555555557, 2972892.6029357896, 
0.8, 52.22222222222222, 24.666666666666668, 3413398.696591151, 
0.8, 52.22222222222222, 25.77777777777778, 3914353.906418618, 
0.8, 52.22222222222222, 26.88888888888889, 4491103.262976914, 
0.8, 52.22222222222222, 28.0, 5151130.498716204, 
0.8, 54.44444444444444, 18.0, 1118625.7983030558, 
0.8, 54.44444444444444, 19.11111111111111, 1345546.2452605076, 
0.8, 54.44444444444444, 20.22222222222222, 1595417.2343515225, 
0.8, 54.44444444444444, 21.333333333333332, 1873860.6144098009, 
0.8, 54.44444444444444, 22.444444444444443, 2179594.769712126, 
0.8, 54.44444444444444, 23.555555555555557, 2518913.5827589827, 
0.8, 54.44444444444444, 24.666666666666668, 2890226.108133653, 
0.8, 54.44444444444444, 25.77777777777778, 3309367.3201051042, 
0.8, 54.44444444444444, 26.88888888888889, 3794617.290917762, 
0.8, 54.44444444444444, 28.0, 4342630.137633636, 
0.8, 56.666666666666664, 18.0, 945404.537150443, 
0.8, 56.666666666666664, 19.11111111111111, 1135566.4377724885, 
0.8, 56.666666666666664, 20.22222222222222, 1348300.625762531, 
0.8, 56.666666666666664, 21.333333333333332, 1581827.8751153885, 
0.8, 56.666666666666664, 22.444444444444443, 1829287.41442697, 
0.8, 56.666666666666664, 23.555555555555557, 2126479.1713333577, 
0.8, 56.666666666666664, 24.666666666666668, 2439842.801366272, 
0.8, 56.666666666666664, 25.77777777777778, 2789180.332933199, 
0.8, 56.666666666666664, 26.88888888888889, 3188955.7987993145, 
0.8, 56.666666666666664, 28.0, 3649400.792724614, 
0.8, 58.888888888888886, 18.0, 794488.0252845618, 
0.8, 58.888888888888886, 19.11111111111111, 945822.6714950278, 
0.8, 58.888888888888886, 20.22222222222222, 1133724.405338554, 
0.8, 58.888888888888886, 21.333333333333332, 1331066.393692804, 
0.8, 58.888888888888886, 22.444444444444443, 1549455.567596686, 
0.8, 58.888888888888886, 23.555555555555557, 1788235.954021919, 
0.8, 58.888888888888886, 24.666666666666668, 2051015.675293513, 
0.8, 58.888888888888886, 25.77777777777778, 2341981.3838515687, 
0.8, 58.888888888888886, 26.88888888888889, 2673553.540416867, 
0.8, 58.888888888888886, 28.0, 3056485.010147047, 
0.8, 61.111111111111114, 18.0, 664854.154033505, 
0.8, 61.111111111111114, 19.11111111111111, 793296.6764536725, 
0.8, 61.111111111111114, 20.22222222222222, 949481.1729150438, 
0.8, 61.111111111111114, 21.333333333333332, 1115156.8419769069, 
0.8, 61.111111111111114, 22.444444444444443, 1297659.3006886456, 
0.8, 61.111111111111114, 23.555555555555557, 1497738.6672385286, 
0.8, 61.111111111111114, 24.666666666666668, 1718573.856872316, 
0.8, 61.111111111111114, 25.77777777777778, 1959087.244518706, 
0.8, 61.111111111111114, 26.88888888888889, 2233012.354662592, 
0.8, 61.111111111111114, 28.0, 2548539.6696462473, 
0.8, 63.333333333333336, 18.0, 553543.8659743917, 
0.8, 63.333333333333336, 19.11111111111111, 666224.5100715748, 
0.8, 63.333333333333336, 20.22222222222222, 790475.332028899, 
0.8, 63.333333333333336, 21.333333333333332, 929130.2558183932, 
0.8, 63.333333333333336, 22.444444444444443, 1081447.3710592561, 
0.8, 63.333333333333336, 23.555555555555557, 1249797.1227093756, 
0.8, 63.333333333333336, 24.666666666666668, 1432116.064466167, 
0.8, 63.333333333333336, 25.77777777777778, 1633955.4187116304, 
0.8, 63.333333333333336, 26.88888888888889, 1862730.768534038, 
0.8, 63.333333333333336, 28.0, 2117278.732373723, 
0.8, 65.55555555555556, 18.0, 459466.46903380414, 
0.8, 65.55555555555556, 19.11111111111111, 547618.4100938463, 
0.8, 65.55555555555556, 20.22222222222222, 656210.5233057118, 
0.8, 65.55555555555556, 21.333333333333332, 771346.0747683122, 
0.8, 65.55555555555556, 22.444444444444443, 897626.9424373072, 
0.8, 65.55555555555556, 23.555555555555557, 1036865.0592696231, 
0.8, 65.55555555555556, 24.666666666666668, 1188854.277854066, 
0.8, 65.55555555555556, 25.77777777777778, 1355005.072933989, 
0.8, 65.55555555555556, 26.88888888888889, 1539579.7263133344, 
0.8, 65.55555555555556, 28.0, 1749330.471556247, 
0.8, 67.77777777777777, 18.0, 378935.80315423664, 
0.8, 67.77777777777777, 19.11111111111111, 451886.10724980326, 
0.8, 67.77777777777777, 20.22222222222222, 541368.7306837903, 
0.8, 67.77777777777777, 21.333333333333332, 636806.165498564, 
0.8, 67.77777777777777, 22.444444444444443, 742005.3934104592, 
0.8, 67.77777777777777, 23.555555555555557, 857115.7298654697, 
0.8, 67.77777777777777, 24.666666666666668, 982904.5835615614, 
0.8, 67.77777777777777, 25.77777777777778, 1119214.8432663719, 
0.8, 67.77777777777777, 26.88888888888889, 1272386.3216481209, 
0.8, 67.77777777777777, 28.0, 1440678.7228496494, 
0.8, 70.0, 18.0, 311432.48459155136, 
0.8, 70.0, 19.11111111111111, 374511.4440308635, 
0.8, 70.0, 20.22222222222222, 440295.910933086, 
0.8, 70.0, 21.333333333333332, 522969.82140710345, 
0.8, 70.0, 22.444444444444443, 609279.0624517656, 
0.8, 70.0, 23.555555555555557, 704362.2928622557, 
0.8, 70.0, 24.666666666666668, 807543.2700198231, 
0.8, 70.0, 25.77777777777778, 919971.4914732114, 
0.8, 70.0, 26.88888888888889, 1042377.8004234063, 
0.8, 70.0, 28.0, 1181108.3691054743, 
0.9, 50.0, 18.0, 1446593.6043448218, 
0.9, 50.0, 19.11111111111111, 1736503.6505521315, 
0.9, 50.0, 20.22222222222222, 2060196.0211271707, 
0.9, 50.0, 21.333333333333332, 2420060.950481149, 
0.9, 50.0, 22.444444444444443, 2817900.9030229514, 
0.9, 50.0, 23.555555555555557, 3254453.683602828, 
0.9, 50.0, 24.666666666666668, 3736973.500978422, 
0.9, 50.0, 25.77777777777778, 4285340.985215109, 
0.9, 50.0, 26.88888888888889, 4916224.974753384, 
0.9, 50.0, 28.0, 5641061.353829156, 
0.9, 52.22222222222222, 18.0, 1246431.6654831972, 
0.9, 52.22222222222222, 19.11111111111111, 1497282.1369658478, 
0.9, 52.22222222222222, 20.22222222222222, 1776183.858493096, 
0.9, 52.22222222222222, 21.333333333333332, 2084880.3493371655, 
0.9, 52.22222222222222, 22.444444444444443, 2428358.8096515066, 
0.9, 52.22222222222222, 23.555555555555557, 2802870.0257002977, 
0.9, 52.22222222222222, 24.666666666666668, 3218183.1536705676, 
0.9, 52.22222222222222, 25.77777777777778, 3690488.254923543, 
0.9, 52.22222222222222, 26.88888888888889, 4234252.763013341, 
0.9, 52.22222222222222, 28.0, 4856532.408558761, 
0.9, 54.44444444444444, 18.0, 1054650.5167870747, 
0.9, 54.44444444444444, 19.11111111111111, 1268593.165898403, 
0.9, 54.44444444444444, 20.22222222222222, 1504173.793642465, 
0.9, 54.44444444444444, 21.333333333333332, 1766692.729930081, 
0.9, 54.44444444444444, 22.444444444444443, 2054941.6558695675, 
0.9, 54.44444444444444, 23.555555555555557, 2374854.500789038, 
0.9, 54.44444444444444, 24.666666666666668, 2724931.3069649464, 
0.9, 54.44444444444444, 25.77777777777778, 3120101.431311295, 
0.9, 54.44444444444444, 26.88888888888889, 3577599.4912209017, 
0.9, 54.44444444444444, 28.0, 4094270.958007753, 
0.9, 56.666666666666664, 18.0, 891335.9455781433, 
0.9, 56.666666666666664, 19.11111111111111, 1070622.3048490377, 
0.9, 56.666666666666664, 20.22222222222222, 1271190.020739668, 
0.9, 56.666666666666664, 21.333333333333332, 1491361.6228853313, 
0.9, 56.666666666666664, 22.444444444444443, 1724668.7139740223, 
0.9, 56.666666666666664, 23.555555555555557, 2004863.7894690235, 
0.9, 56.666666666666664, 24.666666666666668, 2300305.853167031, 
0.9, 56.666666666666664, 25.77777777777778, 2629664.43649229, 
0.9, 56.666666666666664, 26.88888888888889, 3006576.3603135445, 
0.9, 56.666666666666664, 28.0, 3440688.063737515, 
0.9, 58.888888888888886, 18.0, 749050.4936669638, 
0.9, 58.888888888888886, 19.11111111111111, 891730.166418814, 
0.9, 58.888888888888886, 20.22222222222222, 1068885.6200154368, 
0.9, 58.888888888888886, 21.333333333333332, 1254941.430919606, 
0.9, 58.888888888888886, 22.444444444444443, 1460840.7186598235, 
0.9, 58.888888888888886, 23.555555555555557, 1685965.0259339921, 
0.9, 58.888888888888886, 24.666666666666668, 1933716.1230932656, 
0.9, 58.888888888888886, 25.77777777777778, 2208041.223912132, 
0.9, 58.888888888888886, 26.88888888888889, 2520650.4510587584, 
0.9, 58.888888888888886, 28.0, 2881681.7030266807, 
0.9, 61.111111111111114, 18.0, 626830.5077561825, 
0.9, 61.111111111111114, 19.11111111111111, 747927.2792175232, 
0.9, 61.111111111111114, 20.22222222222222, 895179.4346362461, 
0.9, 61.111111111111114, 21.333333333333332, 1051379.953397928, 
0.9, 61.111111111111114, 22.444444444444443, 1223444.9215823126, 
0.9, 61.111111111111114, 23.555555555555557, 1412081.5573995542, 
0.9, 61.111111111111114, 24.666666666666668, 1620286.9708857783, 
0.9, 61.111111111111114, 25.77777777777778, 1847045.1673803267, 
0.9, 61.111111111111114, 26.88888888888889, 2105304.2379403445, 
0.9, 61.111111111111114, 28.0, 2402786.243373047, 
0.9, 63.333333333333336, 18.0, 521886.1617529464, 
0.9, 63.333333333333336, 19.11111111111111, 628122.4918190612, 
0.9, 63.333333333333336, 20.22222222222222, 745267.2901844295, 
0.9, 63.333333333333336, 21.333333333333332, 875992.4059930367, 
0.9, 63.333333333333336, 22.444444444444443, 1019598.3594298193, 
0.9, 63.333333333333336, 23.555555555555557, 1178320.027433647, 
0.9, 63.333333333333336, 24.666666666666668, 1350211.9741736234, 
0.9, 63.333333333333336, 25.77777777777778, 1540507.9423033313, 
0.9, 63.333333333333336, 26.88888888888889, 1756199.4106069969, 
0.9, 63.333333333333336, 28.0, 1996189.5324313554, 
0.9, 65.55555555555556, 18.0, 433189.1413088557, 
0.9, 65.55555555555556, 19.11111111111111, 516299.5883732725, 
0.9, 65.55555555555556, 20.22222222222222, 618681.2145539224, 
0.9, 65.55555555555556, 21.333333333333332, 727232.0534803991, 
0.9, 65.55555555555556, 22.444444444444443, 846290.7972975556, 
0.9, 65.55555555555556, 23.555555555555557, 977565.7527799227, 
0.9, 65.55555555555556, 24.666666666666668, 1120862.5622843283, 
0.9, 65.55555555555556, 25.77777777777778, 1277511.034151728, 
0.9, 65.55555555555556, 26.88888888888889, 1451529.6862046504, 
0.9, 65.55555555555556, 28.0, 1649284.5852982441, 
0.9, 67.77777777777777, 18.0, 357264.10139297525, 
0.9, 67.77777777777777, 19.11111111111111, 426042.30768043647, 
0.9, 67.77777777777777, 20.22222222222222, 510407.33411848254, 
0.9, 67.77777777777777, 21.333333333333332, 600386.61056725, 
0.9, 67.77777777777777, 22.444444444444443, 699569.3938100368, 
0.9, 67.77777777777777, 23.555555555555557, 808096.4597993743, 
0.9, 67.77777777777777, 24.666666666666668, 926691.328394293, 
0.9, 67.77777777777777, 25.77777777777778, 1055205.8737043873, 
0.9, 67.77777777777777, 26.88888888888889, 1199617.3284351917, 
0.9, 67.77777777777777, 28.0, 1358284.9259175493, 
0.9, 70.0, 18.0, 293621.36231528124, 
0.9, 70.0, 19.11111111111111, 353092.77560825297, 
0.9, 70.0, 20.22222222222222, 415114.96579932433, 
0.9, 70.0, 21.333333333333332, 493060.67609717406, 
0.9, 70.0, 22.444444444444443, 574433.8089261673, 
0.9, 70.0, 23.555555555555557, 664079.138260008, 
0.9, 70.0, 24.666666666666668, 761359.0964434348, 
0.9, 70.0, 25.77777777777778, 867357.4401586798, 
0.9, 70.0, 26.88888888888889, 982763.214983611, 
0.9, 70.0, 28.0, 1113559.6494808863, 
1.0, 50.0, 18.0, 1372359.1915086256, 
1.0, 50.0, 19.11111111111111, 1647392.0102825528, 
1.0, 50.0, 20.22222222222222, 1954473.5559534703, 
1.0, 50.0, 21.333333333333332, 2295871.4039857173, 
1.0, 50.0, 22.444444444444443, 2673295.5222593346, 
1.0, 50.0, 23.555555555555557, 3087445.853912974, 
1.0, 50.0, 24.666666666666668, 3545204.3456355836, 
1.0, 50.0, 25.77777777777778, 4065431.4191249083, 
1.0, 50.0, 26.88888888888889, 4663940.5230073435, 
1.0, 50.0, 28.0, 5351580.689655939, 
1.0, 52.22222222222222, 18.0, 1182468.9032051943, 
1.0, 52.22222222222222, 19.11111111111111, 1420446.5558088815, 
1.0, 52.22222222222222, 20.22222222222222, 1685035.9608193173, 
1.0, 52.22222222222222, 21.333333333333332, 1977891.1658498896, 
1.0, 52.22222222222222, 22.444444444444443, 2303743.444390211, 
1.0, 52.22222222222222, 23.555555555555557, 2659035.9799882867, 
1.0, 52.22222222222222, 24.666666666666668, 3053036.6079547973, 
1.0, 52.22222222222222, 25.77777777777778, 3501104.569097552, 
1.0, 52.22222222222222, 26.88888888888889, 4016964.875994997, 
1.0, 52.22222222222222, 28.0, 4607311.182440732, 
1.0, 54.44444444444444, 18.0, 1000529.330556241, 
1.0, 54.44444444444444, 19.11111111111111, 1203493.1485088398, 
1.0, 54.44444444444444, 20.22222222222222, 1426984.555393887, 
1.0, 54.44444444444444, 21.333333333333332, 1676031.8856719348, 
1.0, 54.44444444444444, 22.444444444444443, 1949488.8273917255, 
1.0, 54.44444444444444, 23.555555555555557, 2252984.800198651, 
1.0, 54.44444444444444, 24.666666666666668, 2585096.8192526028, 
1.0, 54.44444444444444, 25.77777777777778, 2959988.116108528, 
1.0, 54.44444444444444, 26.88888888888889, 3394008.884435285, 
1.0, 54.44444444444444, 28.0, 3884166.4755552313, 
1.0, 56.666666666666664, 18.0, 845595.5245220463, 
1.0, 56.666666666666664, 19.11111111111111, 1015681.4991306276, 
1.0, 56.666666666666664, 20.22222222222222, 1205956.7413242094, 
1.0, 56.666666666666664, 21.333333333333332, 1414829.8629848228, 
1.0, 56.666666666666664, 22.444444444444443, 1636164.403617414, 
1.0, 56.666666666666664, 23.555555555555557, 1901980.7919355244, 
1.0, 56.666666666666664, 24.666666666666668, 2182261.7433074, 
1.0, 56.666666666666664, 25.77777777777778, 2494718.7303776518, 
1.0, 56.666666666666664, 26.88888888888889, 2852288.7773429635, 
1.0, 56.666666666666664, 28.0, 3264123.2998695425, 
1.0, 58.888888888888886, 18.0, 710611.6927383407, 
1.0, 58.888888888888886, 19.11111111111111, 845969.515249334, 
1.0, 58.888888888888886, 20.22222222222222, 1014033.9352350128, 
1.0, 58.888888888888886, 21.333333333333332, 1190541.975545043, 
1.0, 58.888888888888886, 22.444444444444443, 1385875.1909046841, 
1.0, 58.888888888888886, 23.555555555555557, 1599446.8612008798, 
1.0, 58.888888888888886, 24.666666666666668, 1834484.1891495723, 
1.0, 58.888888888888886, 25.77777777777778, 2094731.830532454, 
1.0, 58.888888888888886, 26.88888888888889, 2391298.983142938, 
1.0, 58.888888888888886, 28.0, 2733803.301959173, 
1.0, 61.111111111111114, 18.0, 594663.6334168133, 
1.0, 61.111111111111114, 19.11111111111111, 709546.1179500275, 
1.0, 61.111111111111114, 20.22222222222222, 849241.7783977082, 
1.0, 61.111111111111114, 21.333333333333332, 997426.601693742, 
1.0, 61.111111111111114, 22.444444444444443, 1160661.7631898606, 
1.0, 61.111111111111114, 23.555555555555557, 1339618.188990115, 
1.0, 61.111111111111114, 24.666666666666668, 1537139.187328197, 
1.0, 61.111111111111114, 25.77777777777778, 1752260.9010386318, 
1.0, 61.111111111111114, 26.88888888888889, 1997266.96784897, 
1.0, 61.111111111111114, 28.0, 2279483.1778735467, 
1.0, 63.333333333333336, 18.0, 495104.6851387091, 
1.0, 63.333333333333336, 19.11111111111111, 595889.3171186137, 
1.0, 63.333333333333336, 20.22222222222222, 707022.630781334, 
1.0, 63.333333333333336, 21.333333333333332, 831039.3647846787, 
1.0, 63.333333333333336, 22.444444444444443, 967275.9343107743, 
1.0, 63.333333333333336, 23.555555555555557, 1117852.529784724, 
1.0, 63.333333333333336, 24.666666666666668, 1280923.548726328, 
1.0, 63.333333333333336, 25.77777777777778, 1461454.155377335, 
1.0, 63.333333333333336, 26.88888888888889, 1666077.0488890142, 
1.0, 63.333333333333336, 28.0, 1893751.6691608916, 
1.0, 65.55555555555556, 18.0, 410959.3032565553, 
1.0, 65.55555555555556, 19.11111111111111, 489804.79628007894, 
1.0, 65.55555555555556, 20.22222222222222, 586932.5350649126, 
1.0, 65.55555555555556, 21.333333333333332, 689912.9029438326, 
1.0, 65.55555555555556, 22.444444444444443, 802861.944690044, 
1.0, 65.55555555555556, 23.555555555555557, 927400.3024084903, 
1.0, 65.55555555555556, 24.666666666666668, 1063343.5922492458, 
1.0, 65.55555555555556, 25.77777777777778, 1211953.3811749842, 
1.0, 65.55555555555556, 26.88888888888889, 1377041.969926855, 
1.0, 65.55555555555556, 28.0, 1564648.7398046125, 
1.0, 67.77777777777777, 18.0, 338930.48598454095, 
1.0, 67.77777777777777, 19.11111111111111, 404179.2215593282, 
1.0, 67.77777777777777, 20.22222222222222, 484214.91308069247, 
1.0, 67.77777777777777, 21.333333333333332, 569576.7498183082, 
1.0, 67.77777777777777, 22.444444444444443, 663669.7997349044, 
1.0, 67.77777777777777, 23.555555555555557, 766627.614625415, 
1.0, 67.77777777777777, 24.666666666666668, 879136.5856959096, 
1.0, 67.77777777777777, 25.77777777777778, 1001056.188388152, 
1.0, 67.77777777777777, 26.88888888888889, 1138056.9235384443, 
1.0, 67.77777777777777, 28.0, 1288582.2232117585, 
1.0, 70.0, 18.0, 278553.6823793459, 
1.0, 70.0, 19.11111111111111, 334973.2188818474, 
1.0, 70.0, 20.22222222222222, 393812.6348246293, 
1.0, 70.0, 21.333333333333332, 467758.4283388832, 
1.0, 70.0, 22.444444444444443, 544955.7603637951, 
1.0, 70.0, 23.555555555555557, 630000.7870510474, 
1.0, 70.0, 24.666666666666668, 722288.658614717, 
1.0, 70.0, 25.77777777777778, 822847.5169183875, 
1.0, 70.0, 26.88888888888889, 932331.0479933782, 
1.0, 70.0, 28.0, 1056415.4408455014, 
