0.1, 30.0, 20.0, 7979327.772157281, -3.795053472237757e-06, 2.4285682459052027e-09, 0.0, 0.35110476820770614, 0.0, 0.0, -0.07755177205859388, -0.478913511965142, 0.0, 0.0, -7.81568301436765e-10, 
0.1, 30.0, 24.0, 10087309.11242994, -2.9239942566195896e-06, 7.003878848848006e-09, 0.0, 0.3246209836552129, 0.0, 0.0, -0.0717020525194709, -0.4427891313852137, 0.0, 0.0, -6.719627239759136e-10, 
0.1, 30.0, 28.0, 12631829.439567478, -2.2964886210849257e-06, 2.1507727366873636e-08, 0.0, 0.2974480743481453, 0.0, 0.0, -0.06570011959355884, -0.40572477167005444, 0.0, 0.0, -6.053113126845228e-10, 
0.1, 32.083333333333336, 20.0, 7880678.41756779, -3.7460694797179205e-06, 1.7764995183918208e-09, 0.0, 0.34657294408626815, 0.0, 0.0, -0.07655078596242247, -0.4727320185702067, 0.0, 0.0, -1.0069881058143775e-09, 
0.1, 32.083333333333336, 24.0, 9943034.963591823, -2.8853505153688224e-06, 5.0996201218614884e-09, 0.0, 0.3203307664961649, 0.0, 0.0, -0.07075443239770846, -0.43693719443425394, 0.0, 0.0, -8.702703620271289e-10, 
0.1, 32.083333333333336, 28.0, 12472452.618760264, -2.2653484941947313e-06, 1.6046200604640018e-08, 0.0, 0.2934147116561068, 0.0, 0.0, -0.06480923330420611, -0.4002231890463441, 0.0, 0.0, -7.877482213806806e-10, 
0.1, 34.166666666666664, 20.0, 7857655.197996161, -3.668765472775116e-06, 1.3418615202861029e-09, 0.0, 0.3394210534665412, 0.0, 0.0, -0.07497108143730206, -0.4629767051594309, 0.0, 0.0, -1.2823998251060201e-09, 
0.1, 34.166666666666664, 24.0, 9898645.739622803, -2.8240825966698245e-06, 3.850053908750857e-09, 0.0, 0.3135288197098337, 0.0, 0.0, -0.06925202321818918, -0.4276592109985099, 0.0, 0.0, -1.11673218861068e-09, 
0.1, 34.166666666666664, 28.0, 12485302.539290903, -2.2164101675526807e-06, 1.2831501524151886e-08, 0.0, 0.2870760728105778, 0.0, 0.0, -0.06340915925388901, -0.39157716636175566, 0.0, 0.0, -1.0194621713093157e-09, 
0.1, 36.25, 20.0, 7839634.671995901, -3.573289603633392e-06, 1.018975509304964e-09, 0.0, 0.33058796710042626, 0.0, 0.0, -0.07302003558869208, -0.450928209108859, 0.0, 0.0, -1.598700649723133e-09, 
0.1, 36.25, 24.0, 9864274.004434152, -2.7520447547916514e-06, 2.93298594843276e-09, 0.0, 0.30553119913913895, 0.0, 0.0, -0.06748551446162702, -0.41675030601716184, 0.0, 0.0, -1.4051175086133104e-09, 
0.1, 36.25, 28.0, 12529791.971719662, -2.1605736656588364e-06, 1.0496151609461749e-08, 0.0, 0.2798439615970248, 0.0, 0.0, -0.061811735660928666, -0.3817124305511723, 0.0, 0.0, -1.2955229684888546e-09, 
0.1, 38.333333333333336, 20.0, 7824754.887218732, -3.4584994176549436e-06, 7.771601928437556e-10, 0.0, 0.3199679891839893, 0.0, 0.0, -0.07067430240242104, -0.43644235935262815, 0.0, 0.0, -1.9490168085656845e-09, 
0.1, 38.333333333333336, 24.0, 9837021.798944702, -2.6684450185483257e-06, 2.252015678781617e-09, 0.0, 0.29624998038224765, 0.0, 0.0, -0.06543548544853604, -0.4040905489512878, 0.0, 0.0, -1.7313551879961578e-09, 
0.1, 38.333333333333336, 28.0, 12606420.462110631, -2.0971473016923175e-06, 8.794656868879361e-09, 0.0, 0.27162878867242235, 0.0, 0.0, -0.059997174094810014, -0.37050678006454935, 0.0, 0.0, -1.6141963923233885e-09, 
0.1, 40.41666666666667, 20.0, 7813739.934866143, -3.323008018194129e-06, 5.953871635554277e-10, 0.0, 0.30743280901935327, 0.0, 0.0, -0.06790554070259083, -0.4193441376839033, 0.0, 0.0, -2.3229226298248396e-09, 
0.1, 40.41666666666667, 24.0, 9817564.667231005, -2.572015051181718e-06, 1.7430048158205017e-09, 0.0, 0.28554435307743303, 0.0, 0.0, -0.06307083408613676, -0.389487871817306, 0.0, 0.0, -2.0877387354956226e-09, 
0.1, 40.41666666666667, 28.0, 12724624.656338, -2.024852206839077e-06, 7.587518791303712e-09, 0.0, 0.2622649111315876, 0.0, 0.0, -0.0579288874681761, -0.35773427486165865, 0.0, 0.0, -1.970263548631373e-09, 
0.1, 42.5, 20.0, 7807006.009058915, -3.1660383637409224e-06, 4.5820711275013076e-10, 0.0, 0.2929105375284099, 0.0, 0.0, -0.06469787168064123, -0.39953548604712297, 0.0, 0.0, -2.707346632891668e-09, 
0.1, 42.5, 24.0, 9806449.957116228, -2.4617384270964472e-06, 1.3600502646475655e-09, 0.0, 0.27330147397209353, 0.0, 0.0, -0.06036663563686781, -0.37278835429484897, 0.0, 0.0, -2.4632168738958338e-09, 
0.1, 42.5, 28.0, 12898262.986560982, -1.9423626591178265e-06, 6.790892371473086e-09, 0.0, 0.2515806175133038, 0.0, 0.0, -0.05556894827531939, -0.3431606972776253, 0.0, 0.0, -2.354801884365934e-09, 
0.1, 44.583333333333336, 20.0, 7804599.52790341, -2.9878095305622703e-06, 3.5425445930077405e-10, 0.0, 0.27642144288739334, 0.0, 0.0, -0.06105577215695657, -0.3770440506161372, 0.0, 0.0, -3.08836017521022e-09, 
0.1, 44.583333333333336, 24.0, 9804047.783671787, -2.337089898070669e-06, 1.0701091471558005e-09, 0.0, 0.25946303018508016, 0.0, 0.0, -0.057310009992919714, -0.3539124565165251, 0.0, 0.0, -2.8446923131554386e-09, 
0.1, 44.583333333333336, 28.0, 13147784.534431078, -1.848382206819935e-06, 6.372086555458038e-09, 0.0, 0.2394079875344844, 0.0, 0.0, -0.0528802664032676, -0.3265570008858979, 0.0, 0.0, -2.7560442618095476e-09, 
0.1, 46.66666666666667, 20.0, 7806148.99760751, -2.7898726114950637e-06, 2.751475590408013e-10, 0.0, 0.25810902667811836, 0.0, 0.0, -0.057010938659099716, -0.3520655702493793, 0.0, 0.0, -3.453124982475972e-09, 
0.1, 46.66666666666667, 24.0, 9810501.272964511, -2.198284235074306e-06, 8.492496157258621e-10, 0.0, 0.24405286554931427, 0.0, 0.0, -0.05390622376318861, -0.3328927019192028, 0.0, 0.0, -3.218812114793123e-09, 
0.1, 46.66666666666667, 28.0, 13501912.90480296, -1.7417275994958993e-06, 6.353168437027819e-09, 0.0, 0.2255937630802454, 0.0, 0.0, -0.04982899030835672, -0.3077141387333094, 0.0, 0.0, -3.1607514563702307e-09, 
0.1, 48.75, 20.0, 7751646.015626167, -2.5881055141882134e-06, 2.0950343317297883e-10, 0.0, 0.2394422561381463, 0.0, 0.0, -0.05288783562812751, -0.3266037439062608, 0.0, 0.0, -3.784749482825014e-09, 
0.1, 48.75, 24.0, 9730578.397438444, -2.0591495892914337e-06, 6.515803843222226e-10, 0.0, 0.22860617739026826, 0.0, 0.0, -0.050494370243552404, -0.31182312854871863, 0.0, 0.0, -3.5641593147536898e-09, 
0.1, 48.75, 28.0, 13595083.583073407, -1.6344741122466758e-06, 5.610280952813187e-09, 0.0, 0.21170196997597704, 0.0, 0.0, -0.04676058090506989, -0.28876547148216414, 0.0, 0.0, -3.5249658255374862e-09, 
0.1, 50.833333333333336, 20.0, 7672613.65196659, -2.3750744830013906e-06, 1.5772008138103585e-10, 0.0, 0.21973338678589932, 0.0, 0.0, -0.04853455455097091, -0.29972047516989625, 0.0, 0.0, -4.0866058343126435e-09, 
0.1, 50.833333333333336, 24.0, 9610920.293859504, -1.9116232332094208e-06, 4.902235644141458e-10, 0.0, 0.21222784405914802, 0.0, 0.0, -0.04687673559940169, -0.289482773629066, 0.0, 0.0, -3.883673140688994e-09, 
0.1, 50.833333333333336, 28.0, 13531205.580526235, -1.5206630138929638e-06, 4.583573651695753e-09, 0.0, 0.19696081552494665, 0.0, 0.0, -0.04350456517021511, -0.26865825936823706, 0.0, 0.0, -3.855022782365588e-09, 
0.1, 52.91666666666667, 20.0, 7535880.8904709285, -2.1606493932888484e-06, 1.1563752048337567e-10, 0.0, 0.19989554418811623, 0.0, 0.0, -0.04415278595485939, -0.2726612844992198, 0.0, 0.0, -4.352381499326607e-09, 
0.1, 52.91666666666667, 24.0, 9398562.779121274, -1.7638366003843007e-06, 3.5233460116658764e-10, 0.0, 0.19582061494092065, 0.0, 0.0, -0.043252718474299116, -0.26710300431195266, 0.0, 0.0, -4.1677555712056406e-09, 
0.1, 52.91666666666667, 28.0, 13056751.018560505, -1.4112284103440585e-06, 3.020761237890492e-09, 0.0, 0.18278651786616695, 0.0, 0.0, -0.04037375636139239, -0.24932425058773058, 0.0, 0.0, -4.12991985606176e-09, 
0.1, 55.0, 20.0, 7378983.339662011, -1.9368704755695604e-06, 8.346603139445165e-11, 0.0, 0.17919231893865795, 0.0, 0.0, -0.039579872252719375, -0.2444216956043235, 0.0, 0.0, -4.588934593041683e-09, 
0.1, 55.0, 24.0, 9156208.056264212, -1.6066858644122486e-06, 2.478086163598399e-10, 0.0, 0.17837378588491698, 0.0, 0.0, -0.039399075252638215, -0.24330520111344056, 0.0, 0.0, -4.424208502695003e-09, 
0.1, 55.0, 28.0, 12461574.829694023, -1.2974550472060358e-06, 1.8288485785873989e-09, 0.0, 0.16805025113912458, 0.0, 0.0, -0.037118820223543764, -0.2292237054213149, 0.0, 0.0, -4.374593566407828e-09, 
0.1, 57.083333333333336, 20.0, 7223941.598519396, -1.7044223705764067e-06, 5.983912322648448e-11, 0.0, 0.15768705154675836, 0.0, 0.0, -0.034829804051284156, -0.21508810613193183, 0.0, 0.0, -4.797380411685087e-09, 
0.1, 57.083333333333336, 24.0, 8920470.630067898, -1.438140758657097e-06, 1.7342482661276282e-10, 0.0, 0.159661957283235, 0.0, 0.0, -0.03526601982896862, -0.21778191472611366, 0.0, 0.0, -4.65385254693793e-09, 
0.1, 57.083333333333336, 28.0, 11912950.310502023, -1.174662964245484e-06, 1.1099613317602102e-09, 0.0, 0.15214585288003368, 0.0, 0.0, -0.03360586802179965, -0.2075298068598246, 0.0, 0.0, -4.598293432939513e-09, 
0.1, 59.16666666666667, 20.0, 7068980.18876853, -1.4709010213641987e-06, 4.2595218499056765e-11, 0.0, 0.13608249148836846, 0.0, 0.0, -0.030057804156132392, -0.18561907959366378, 0.0, 0.0, -4.977242410945264e-09, 
0.1, 59.16666666666667, 24.0, 8689528.859190905, -1.26309375429805e-06, 1.2073579913325014e-10, 0.0, 0.14022828985421507, 0.0, 0.0, -0.030973525157331743, -0.19127402659259596, 0.0, 0.0, -4.854981478178252e-09, 
0.1, 59.16666666666667, 28.0, 11407230.35705122, -1.0453414924738844e-06, 6.768053012739646e-10, 0.0, 0.13539574869210216, 0.0, 0.0, -0.029906116894604182, -0.18468234949439583, 0.0, 0.0, -4.798330484912804e-09, 
0.1, 61.25, 20.0, 6912452.619768837, -1.2442387743704305e-06, 3.009264908968605e-11, 0.0, 0.11511251107442229, 0.0, 0.0, -0.025425969762549135, -0.15701563163381696, 0.0, 0.0, -5.129459043993388e-09, 
0.1, 61.25, 24.0, 8461541.040170163, -1.0873947882654355e-06, 8.359221226662843e-11, 0.0, 0.12072224188044288, 0.0, 0.0, -0.026665043122331082, -0.16466741003376467, 0.0, 0.0, -5.027429181761553e-09, 
0.1, 61.25, 28.0, 10938870.5943165, -9.129798350882404e-07, 4.148739197268369e-10, 0.0, 0.11825187061251256, 0.0, 0.0, -0.026119389269640317, -0.16129777712954163, 0.0, 0.0, -4.97334865909325e-09, 
0.1, 63.333333333333336, 20.0, 6753036.904436834, -1.0316794083972973e-06, 2.109077091598173e-11, 0.0, 0.09544727879997966, 0.0, 0.0, -0.021082327212173187, -0.13019188469286938, 0.0, 0.0, -5.2560048107203665e-09, 
0.1, 63.333333333333336, 24.0, 8234863.869133581, -9.171386494972332e-07, 5.753805955139989e-11, 0.0, 0.10182045504014883, 0.0, 0.0, -0.022490029857710765, -0.13888501703377396, 0.0, 0.0, -5.172452961281307e-09, 
0.1, 63.333333333333336, 28.0, 10501782.098627318, -7.817245051050373e-07, 2.555546038521528e-10, 0.0, 0.10125128741015221, 0.0, 0.0, -0.022364312515477134, -0.13810866167417568, 0.0, 0.0, -5.123300742871262e-09, 
0.1, 65.41666666666667, 20.0, 6589865.511020775, -8.389000459253219e-07, 1.465716336515272e-11, 0.0, 0.07761202172119244, 0.0, 0.0, -0.017142888284467476, -0.1058642583606911, 0.0, 0.0, -5.359505072921212e-09, 
0.1, 65.41666666666667, 24.0, 8008229.273174304, -7.578564876981102e-07, 3.935812660067904e-11, 0.0, 0.08413699594762959, 0.0, 0.0, -0.01858411996149642, -0.11476444601184946, 0.0, 0.0, -5.2922216054913475e-09, 
0.1, 65.41666666666667, 28.0, 10090283.739492653, -6.558408662866772e-07, 1.5803439792091384e-10, 0.0, 0.08494646175605666, 0.0, 0.0, -0.018762914194866746, -0.11586857260946996, 0.0, 0.0, -5.249288983666413e-09, 
0.1, 67.5, 20.0, 6422560.727294423, -6.695042346684766e-07, 1.009508444105619e-11, 0.0, 0.06194012717498922, 0.0, 0.0, -0.013681291337841905, -0.08448749923952344, 0.0, 0.0, -5.442894948807615e-09, 
0.1, 67.5, 24.0, 7780845.472694516, -6.138387510310012e-07, 2.674290608754054e-11, 0.0, 0.06814818889479339, 0.0, 0.0, -0.015052523605286142, -0.09295541226703588, 0.0, 0.0, -5.389550519724212e-09, 
0.1, 67.5, 28.0, 9699595.778477063, -5.391253015781209e-07, 9.799775371244014e-11, 0.0, 0.06982911252165623, 0.0, 0.0, -0.015423804823208119, -0.09524822373067808, 0.0, 0.0, -5.353193791310507e-09, 
0.1, 69.58333333333334, 20.0, 6251179.212283657, -5.249478319723891e-07, 6.887010349055976e-12, 0.0, 0.04856628586921485, 0.0, 0.0, -0.010727286760269046, -0.06624532798987558, 0.0, 0.0, -5.509155227037257e-09, 
0.1, 69.58333333333334, 24.0, 7552400.5635212455, -4.877532954784954e-07, 1.8040871962526737e-11, 0.0, 0.0541502184652068, 0.0, 0.0, -0.011960661829726207, -0.07386191714579704, 0.0, 0.0, -5.467467395530635e-09, 
0.1, 69.58333333333334, 28.0, 9325985.311746147, -4.3443222504554965e-07, 6.086396160574948e-11, 0.0, 0.056268951950616375, 0.0, 0.0, -0.012428646178535138, -0.07675190949650013, 0.0, 0.0, -5.437480229668688e-09, 
0.1, 71.66666666666667, 20.0, 6076102.344968281, -4.0482739080120864e-07, 4.6510341130647335e-12, 0.0, 0.03745317232268325, 0.0, 0.0, -0.008272630125950588, -0.051086831952908265, 0.0, 0.0, -5.561126720609e-09, 
0.1, 71.66666666666667, 24.0, 7322979.885900153, -3.806060990816627e-07, 1.2076299430877528e-11, 0.0, 0.04225476804079849, 0.0, 0.0, -0.009333203180966764, -0.05763629888307251, 0.0, 0.0, -5.528985492131258e-09, 
0.1, 71.66666666666667, 28.0, 8966693.576428981, -3.4342797809820735e-07, 3.78165405314106e-11, 0.0, 0.04448180956202545, 0.0, 0.0, -0.009825110531871909, -0.06067402543309203, 0.0, 0.0, -5.504804720568402e-09, 
0.1, 73.75, 20.0, 5917527.301650249, -3.065941740673264e-07, 3.1476295044087064e-12, 0.0, 0.028364986493975255, 0.0, 0.0, -0.0062652380890610235, -0.038690375434141874, 0.0, 0.0, -5.601609626105633e-09, 
0.1, 73.75, 24.0, 7118427.303624958, -2.910349391563737e-07, 8.120519943368588e-12, 0.0, 0.032310604053319696, 0.0, 0.0, -0.007136743295768011, -0.044072272045409554, 0.0, 0.0, -5.577249967771438e-09, 
0.1, 73.75, 28.0, 8667909.826315708, -2.6532419613469494e-07, 2.4213058336578816e-11, 0.0, 0.034365574009043554, 0.0, 0.0, -0.00759064360138641, -0.046875289741530275, 0.0, 0.0, -5.558405703468234e-09, 
0.1, 75.83333333333334, 20.0, 5758229.870900083, -2.2929737337442636e-07, 2.1155716680822972e-12, 0.0, 0.02121376298900833, 0.0, 0.0, -0.004685680915775443, -0.02893597198045442, 0.0, 0.0, -5.63235795494199e-09, 
0.1, 75.83333333333334, 24.0, 6915030.978577224, -2.1945365118540678e-07, 5.429757448678e-12, 0.0, 0.024363670393580252, 0.0, 0.0, -0.005381430228130345, -0.03323250496458105, 0.0, 0.0, -5.614083460852141e-09, 
0.1, 75.83333333333334, 28.0, 8377877.5074696215, -2.0189741644969503e-07, 1.5480209297963862e-11, 0.0, 0.02615034771375032, 0.0, 0.0, -0.005776070246787452, -0.03566956645628065, 0.0, 0.0, -5.5995973224741e-09, 
0.1, 77.91666666666667, 20.0, 5597683.694411599, -1.6956998544315324e-07, 1.4105904014381831e-12, 0.0, 0.0156879987070247, 0.0, 0.0, -0.0034651540222403387, -0.02139872549962397, 0.0, 0.0, -5.655481903733881e-09, 
0.1, 77.91666666666667, 24.0, 6711800.880322964, -1.6343727151356347e-07, 3.6060291828520645e-12, 0.0, 0.018144748303661362, 0.0, 0.0, -0.004007799129841665, -0.024749778187829495, 0.0, 0.0, -5.641899223711575e-09, 
0.1, 77.91666666666667, 28.0, 8093431.487935297, -1.5158707934385807e-07, 9.859058146924062e-12, 0.0, 0.019634002311697003, 0.0, 0.0, -0.004336744498365408, -0.026781148683984603, 0.0, 0.0, -5.630891646942175e-09, 
0.1, 80.0, 20.0, 5436599.770246939, -1.2410322673873138e-07, 9.327111126859862e-13, 0.0, 0.0114815768303714, 0.0, 0.0, -0.0025360425429923066, -0.015661086890958617, 0.0, 0.0, -5.6727224242773496e-09, 
0.1, 80.0, 24.0, 6509446.057741208, -1.203448291651728e-07, 2.3778079536218907e-12, 0.0, 0.013360637956950685, 0.0, 0.0, -0.002951088231253749, -0.01822416163335259, 0.0, 0.0, -5.662716617051773e-09, 
0.1, 80.0, 28.0, 7814895.719623718, -1.1242912358743151e-07, 6.253481543291717e-12, 0.0, 0.014562146713888094, 0.0, 0.0, -0.0032164766328982726, -0.019863042191367003, 0.0, 0.0, -5.6544431782329436e-09, 
0.55, 30.0, 20.0, 1444579.6963499885, -2.151168004146733e-05, 2.4285682459052027e-09, 0.0, 0.06579119557019018, 0.0, 0.0, -0.014531912592264747, -0.08974042901139308, 0.0, 0.0, -1.601082240803778e-10, 
0.55, 30.0, 24.0, 1828777.7988542656, -1.647981394945204e-05, 7.003878848848006e-09, 0.0, 0.060482119153047714, 0.0, 0.0, -0.013359247560554559, -0.08249874885648026, 0.0, 0.0, -1.3523092409382283e-10, 
0.55, 30.0, 28.0, 2291989.448648127, -1.2897405606710291e-05, 2.1507727366873636e-08, 0.0, 0.05522348913178715, 0.0, 0.0, -0.012197725092970117, -0.0753258785350001, 0.0, 0.0, -1.205335108634493e-10, 
0.55, 32.083333333333336, 20.0, 1424770.9079746646, -2.1451368313743008e-05, 1.7764995183918208e-09, 0.0, 0.06560673844420767, 0.0, 0.0, -0.014491169833168078, -0.0894888260198922, 0.0, 0.0, -2.140828801071155e-10, 
0.55, 32.083333333333336, 24.0, 1800983.933436485, -1.6396494759429877e-05, 5.0996201218614884e-09, 0.0, 0.06017633156966942, 0.0, 0.0, -0.013291705416124115, -0.08208164883753549, 0.0, 0.0, -1.8080974221452116e-10, 
0.55, 32.083333333333336, 28.0, 2261602.7136869663, -1.281299914550913e-05, 1.6046200604640018e-08, 0.0, 0.05486208154683282, 0.0, 0.0, -0.012117897642059382, -0.07483291178708362, 0.0, 0.0, -1.6145325746416742e-10, 
0.55, 34.166666666666664, 20.0, 1418185.8498772858, -2.1294646107401918e-05, 1.3418615202861029e-09, 0.0, 0.06512742004651068, 0.0, 0.0, -0.014385298325607983, -0.08883502670419971, 0.0, 0.0, -2.8583041713973806e-10, 
0.55, 34.166666666666664, 24.0, 1790917.895427283, -1.6225302833288263e-05, 3.850053908750857e-09, 0.0, 0.05954804460822909, 0.0, 0.0, -0.013152929837912138, -0.08122465359716527, 0.0, 0.0, -2.41745101645719e-10, 
0.55, 34.166666666666664, 28.0, 2262074.725008923, -1.265684949711393e-05, 1.2831501524151886e-08, 0.0, 0.05419348741778461, 0.0, 0.0, -0.011970219045268049, -0.07392093681147656, 0.0, 0.0, -2.170223226558689e-10, 
0.55, 36.25, 20.0, 1411987.06274913, -2.110289288095489e-05, 1.018975509304964e-09, 0.0, 0.06454096294903187, 0.0, 0.0, -0.014255762098065448, -0.08803508818555131, 0.0, 0.0, -3.773004414478638e-10, 
0.55, 36.25, 24.0, 1782223.6637571957, -1.6036108120423253e-05, 2.93298594843276e-09, 0.0, 0.058853686076829684, 0.0, 0.0, -0.012999560418211828, -0.08027753549184029, 0.0, 0.0, -3.198733967971428e-10, 
0.55, 36.25, 28.0, 2267811.3050166075, -1.2492783618966794e-05, 1.0496151609461749e-08, 0.0, 0.05349099792969891, 0.0, 0.0, -0.011815053665624577, -0.07296272792819901, 0.0, 0.0, -2.8911652993734596e-10, 
0.55, 38.333333333333336, 20.0, 1405799.034689551, -2.0877268361879665e-05, 7.771601928437556e-10, 0.0, 0.06385091404940961, 0.0, 0.0, -0.014103344586773973, -0.08709384849908178, 0.0, 0.0, -4.920405667573296e-10, 
0.55, 38.333333333333336, 24.0, 1774327.0847982694, -1.5830418339175586e-05, 2.252015678781617e-09, 0.0, 0.058098789405974356, 0.0, 0.0, -0.012832819377226218, -0.07924784222491134, 0.0, 0.0, -4.1858370405643567e-10, 
0.55, 38.333333333333336, 28.0, 2278805.159874862, -1.2322640010198677e-05, 8.794656868879361e-09, 0.0, 0.05276248507301404, 0.0, 0.0, -0.011654140262791048, -0.07196902268036738, 0.0, 0.0, -3.8152435275369536e-10, 
0.55, 40.41666666666667, 20.0, 1399744.555344223, -2.0614860656803004e-05, 5.953871635554277e-10, 0.0, 0.06304836762406558, 0.0, 0.0, -0.013926078701829058, -0.085999160070216, 0.0, 0.0, -6.335571602301907e-10, 
0.55, 40.41666666666667, 24.0, 1767320.158625889, -1.5606044672843078e-05, 1.7430048158205017e-09, 0.0, 0.057275321472629585, 0.0, 0.0, -0.01265093236443995, -0.07812461646536963, 0.0, 0.0, -5.414227797006919e-10, 
0.55, 40.41666666666667, 28.0, 2296655.9194818335, -1.2145267195453378e-05, 7.587518791303712e-09, 0.0, 0.052003018508602054, 0.0, 0.0, -0.011486389826959431, -0.07093309599261736, 0.0, 0.0, -4.986201262792683e-10, 
0.55, 42.5, 20.0, 1393935.3101202114, -2.03114670609436e-05, 4.5820711275013076e-10, 0.0, 0.06212047014022558, 0.0, 0.0, -0.013721125364032364, -0.08473349043833407, 0.0, 0.0, -8.048710711360903e-10, 
0.55, 42.5, 24.0, 1761301.2934361235, -1.536002271295643e-05, 1.3600502646475655e-09, 0.0, 0.05637240267571481, 0.0, 0.0, -0.012451496301286486, -0.07689301823257666, 0.0, 0.0, -6.917520355396584e-10, 
0.55, 42.5, 28.0, 2323746.629521851, -1.1959090724900693e-05, 6.790892371473086e-09, 0.0, 0.051205856824850265, 0.0, 0.0, -0.011310313319916407, -0.06984575245262942, 0.0, 0.0, -6.452344976723257e-10, 
0.55, 44.583333333333336, 20.0, 1388474.2876245237, -1.9961772234614387e-05, 3.5425445930077405e-10, 0.0, 0.06105096519072153, 0.0, 0.0, -0.013484893869704128, -0.08327466555809752, 0.0, 0.0, -1.00802948359974e-09, 
0.55, 44.583333333333336, 24.0, 1756379.3840180247, -1.5088661177099038e-05, 1.0701091471558005e-09, 0.0, 0.05537648573474152, 0.0, 0.0, -0.012231518874064642, -0.07553456878097324, 0.0, 0.0, -8.723458766921638e-10, 
0.55, 44.583333333333336, 28.0, 2363627.2318815426, -1.1762038914755582e-05, 6.372086555458038e-09, 0.0, 0.05036212957718648, 0.0, 0.0, -0.011123951444159313, -0.06869489260705675, 0.0, 0.0, -8.265439497901948e-10, 
0.55, 46.66666666666667, 20.0, 1383455.671538942, -1.9559592401773422e-05, 2.751475590408013e-10, 0.0, 0.059820940350308896, 0.0, 0.0, -0.013213206855776543, -0.08159688852552276, 0.0, 0.0, -1.2435772534089276e-09, 
0.55, 46.66666666666667, 24.0, 1752676.341246874, -1.4787623014226915e-05, 8.492496157258621e-10, 0.0, 0.05427165335308532, 0.0, 0.0, -0.011987484281590903, -0.07402755661838488, 0.0, 0.0, -1.0849053690624768e-09, 
0.55, 46.66666666666667, 28.0, 2421306.8205797733, -1.155117752053211e-05, 6.353168437027819e-09, 0.0, 0.049459273050039755, 0.0, 0.0, -0.010924529135108031, -0.06746337931139938, 0.0, 0.0, -1.047834558116513e-09, 
0.55, 48.75, 20.0, 1368241.4802497614, -1.917766466275277e-05, 2.0950343317297883e-10, 0.0, 0.05865285435135046, 0.0, 0.0, -0.012955200849197702, -0.08000359723844017, 0.0, 0.0, -1.5044463264731518e-09, 
0.55, 48.75, 24.0, 1733154.155308237, -1.4526658682047429e-05, 6.515803843222226e-10, 0.0, 0.053313894810690564, 0.0, 0.0, -0.011775935254369976, -0.07272115594062041, 0.0, 0.0, -1.3224608835035202e-09, 
0.55, 48.75, 28.0, 2431641.1562964474, -1.1363756262385526e-05, 5.610280952813187e-09, 0.0, 0.04865678132931126, 0.0, 0.0, -0.010747275333279774, -0.06636876550065879, 0.0, 0.0, -1.291242629589914e-09, 
0.55, 50.833333333333336, 20.0, 1348690.5419175925, -1.8759429920096893e-05, 1.5772008138103585e-10, 0.0, 0.05737372717720665, 0.0, 0.0, -0.012672668146638474, -0.07825884369850286, 0.0, 0.0, -1.7937381265723854e-09, 
0.55, 50.833333333333336, 24.0, 1706375.718688918, -1.425573141744936e-05, 4.902235644141458e-10, 0.0, 0.052319571529621973, 0.0, 0.0, -0.011556309833617025, -0.07136488027112121, 0.0, 0.0, -1.589208323880298e-09, 
0.55, 50.833333333333336, 28.0, 2413671.505942071, -1.1162739307661244e-05, 4.583573651695753e-09, 0.0, 0.04779607616642064, 0.0, 0.0, -0.01055716338765487, -0.06519474745917601, 0.0, 0.0, -1.560515127040453e-09, 
0.55, 52.91666666666667, 20.0, 1319050.3863832115, -1.8337786439432274e-05, 1.1563752048337567e-10, 0.0, 0.05608417470370087, 0.0, 0.0, -0.012387832711353946, -0.07649986985402166, 0.0, 0.0, -2.103539116055804e-09, 
0.55, 52.91666666666667, 24.0, 1663006.2863552119, -1.400974053943769e-05, 3.5233460116658764e-10, 0.0, 0.05141676656982106, 0.0, 0.0, -0.011356898914724495, -0.07013343731429408, 0.0, 0.0, -1.877359874810369e-09, 
0.55, 52.91666666666667, 28.0, 2323008.6898562904, -1.0972366169287751e-05, 3.020761237890492e-09, 0.0, 0.046980945178681496, 0.0, 0.0, -0.010377117833498095, -0.0640828934503497, 0.0, 0.0, -1.8323563581068137e-09, 
0.55, 55.0, 20.0, 1286354.5335690374, -1.7834769373026116e-05, 8.346603139445165e-11, 0.0, 0.054545749693064076, 0.0, 0.0, -0.012048026486667288, -0.07440142918487297, 0.0, 0.0, -2.437099248898351e-09, 
0.55, 55.0, 24.0, 1614553.0777373973, -1.3722454540888212e-05, 2.478086163598399e-10, 0.0, 0.050362405458994154, 0.0, 0.0, -0.01112401238073723, -0.06869526891503479, 0.0, 0.0, -2.1925366127328926e-09, 
0.55, 55.0, 28.0, 2211458.020010734, -1.0759711118761808e-05, 1.8288485785873989e-09, 0.0, 0.046070408542505624, 0.0, 0.0, -0.010175999147414242, -0.06284090434142954, 0.0, 0.0, -2.1226496730786466e-09, 
0.55, 57.083333333333336, 20.0, 1254968.768361316, -1.719519930961249e-05, 5.983912322648448e-11, 0.0, 0.0525896917646423, 0.0, 0.0, -0.01161597379945163, -0.07173332935561189, 0.0, 0.0, -2.790588996857623e-09, 
0.55, 57.083333333333336, 24.0, 1567961.8030776128, -1.3346061127475876e-05, 1.7342482661276282e-10, 0.0, 0.04898101359079951, 0.0, 0.0, -0.010818891525122843, -0.06681102440769214, 0.0, 0.0, -2.533743425791863e-09, 
0.55, 57.083333333333336, 28.0, 2108918.1852971185, -1.0494033940824599e-05, 1.1099613317602102e-09, 0.0, 0.04493284427162951, 0.0, 0.0, -0.00992473475847608, -0.06128924526589953, 0.0, 0.0, -2.440193602221754e-09, 
0.55, 59.16666666666667, 20.0, 1224946.728323561, -1.63993284742625e-05, 4.2595218499056765e-11, 0.0, 0.05015560445644206, 0.0, 0.0, -0.011078334322039031, -0.06841318845535972, 0.0, 0.0, -3.1541714336749542e-09, 
0.55, 59.16666666666667, 24.0, 1523279.1941891238, -1.2863723686161261e-05, 1.2073579913325014e-10, 0.0, 0.04721079938089771, 0.0, 0.0, -0.010427887866579607, -0.06439641890825003, 0.0, 0.0, -2.8929477916796795e-09, 
0.55, 59.16666666666667, 28.0, 2015017.7187059363, -1.01621103096433e-05, 6.768053012739646e-10, 0.0, 0.043511629095130684, 0.0, 0.0, -0.009610817758781988, -0.05935068101651695, 0.0, 0.0, -2.7793300891402698e-09, 
0.55, 61.25, 20.0, 1196290.075993082, -1.543234312259982e-05, 3.009264908968605e-11, 0.0, 0.047198181519422976, 0.0, 0.0, -0.010425100842290673, -0.0643792079077182, 0.0, 0.0, -3.5163123463000213e-09, 
0.55, 61.25, 24.0, 1480522.6232803345, -1.2259673969162598e-05, 8.359221226662843e-11, 0.0, 0.04499389222767515, 0.0, 0.0, -0.009938218987687953, -0.0613725158269271, 0.0, 0.0, -3.259605671309257e-09, 
0.55, 61.25, 28.0, 1929052.2505271402, -9.750149005957495e-06, 4.148739197268369e-10, 0.0, 0.04174771244999895, 0.0, 0.0, -0.009221205101876427, -0.05694466551394745, 0.0, 0.0, -3.131563380072384e-09, 
0.55, 63.333333333333336, 20.0, 1168919.4226713032, -1.428927510036634e-05, 2.109077091598173e-11, 0.0, 0.04370222840007741, 0.0, 0.0, -0.009652917198009798, -0.059610662055726744, 0.0, 0.0, -3.8651475500095424e-09, 
0.55, 63.333333333333336, 24.0, 1439655.075926717, -1.1522209480513638e-05, 5.753805955139989e-11, 0.0, 0.04228734313777883, 0.0, 0.0, -0.00934039834527257, -0.057680731928448394, 0.0, 0.0, -3.6217084536723083e-09, 
0.55, 63.333333333333336, 28.0, 1850172.876840658, -9.245665110820676e-06, 2.555546038521528e-10, 0.0, 0.039587637030638057, 0.0, 0.0, -0.00874408917603247, -0.05399828198723977, 0.0, 0.0, -3.4862176505891917e-09, 
0.55, 65.41666666666667, 20.0, 1142649.1525120114, -1.2980392008205791e-05, 1.465716336515272e-11, 0.0, 0.03969914748612323, 0.0, 0.0, -0.008768719526312476, -0.054150384347255706, 0.0, 0.0, -4.19000976027552e-09, 
0.55, 65.41666666666667, 24.0, 1400555.4416293234, -1.06477158805319e-05, 3.935812660067904e-11, 0.0, 0.03907788724141115, 0.0, 0.0, -0.008631496004305293, -0.05330297368075239, 0.0, 0.0, -3.967265455142209e-09, 
0.55, 65.41666666666667, 28.0, 1777496.5796185, -8.640166137124445e-06, 1.5803439792091384e-10, 0.0, 0.03699504013519933, 0.0, 0.0, -0.008171438213468671, -0.050461931026691276, 0.0, 0.0, -3.831656757757039e-09, 
0.55, 67.5, 20.0, 1117177.207472416, -1.1535423637770355e-05, 1.009508444105619e-11, 0.0, 0.035279864211631484, 0.0, 0.0, -0.007792591372555839, -0.04812239878568224, 0.0, 0.0, -4.482731696844449e-09, 
0.55, 67.5, 24.0, 1362995.2476780156, -9.6450576517942e-06, 2.674290608754054e-11, 0.0, 0.035398057853970356, 0.0, 0.0, -0.007818697900405716, -0.04828361713835062, 0.0, 0.0, -4.28593326130405e-09, 
0.55, 67.5, 28.0, 1710144.5810459752, -7.932498150831633e-06, 9.799775371244014e-11, 0.0, 0.03396498092350359, 0.0, 0.0, -0.007502160884912263, -0.04632887323330615, 0.0, 0.0, -4.156807636009484e-09, 
0.55, 69.58333333333334, 20.0, 1092101.327899066, -1.0004258024186284e-05, 6.887010349055976e-12, 0.0, 0.03059695585864607, 0.0, 0.0, -0.00675823389852926, -0.04173482365536556, 0.0, 0.0, -4.738319573397371e-09, 
0.55, 69.58333333333334, 24.0, 1326633.4670208036, -8.538873278643228e-06, 1.8040871962526737e-11, 0.0, 0.03133828002336981, 0.0, 0.0, -0.006921977053991544, -0.04274600376848338, 0.0, 0.0, -4.570098140609483e-09, 
0.55, 69.58333333333334, 28.0, 1647244.8271908755, -7.13218183086787e-06, 6.086396160574948e-11, 0.0, 0.03053822459494176, 0.0, 0.0, -0.006745261378677819, -0.04165471310629394, 0.0, 0.0, -4.452598261265059e-09, 
0.55, 71.66666666666667, 20.0, 1066967.5379058537, -8.4522858064758e-06, 4.6510341130647335e-12, 0.0, 0.025850412776271144, 0.0, 0.0, -0.0057098208306301836, -0.03526044955649471, 0.0, 0.0, -4.955059329631391e-09, 
0.55, 71.66666666666667, 24.0, 1291040.148749555, -7.36980693801209e-06, 1.2076299430877528e-11, 0.0, 0.027047720851029303, 0.0, 0.0, -0.005974281388575749, -0.03689360030495575, 0.0, 0.0, -4.815599239893037e-09, 
0.55, 71.66666666666667, 28.0, 1587934.1653252225, -6.261455400450619e-06, 3.78165405314106e-11, 0.0, 0.026809989711634948, 0.0, 0.0, -0.005921771503199787, -0.036569330556492884, 0.0, 0.0, -4.712941672834403e-09, 
0.55, 73.75, 20.0, 1044961.3649889135, -6.934297173223848e-06, 3.1476295044087064e-12, 0.0, 0.021207804951932658, 0.0, 0.0, -0.004684364908773978, -0.02892784510574721, 0.0, 0.0, -5.134948292491895e-09, 
0.55, 73.75, 24.0, 1260473.6747272317, -6.171892067426354e-06, 8.120519943368588e-12, 0.0, 0.022651285534558533, 0.0, 0.0, -0.0050031998755739274, -0.03089677978814345, 0.0, 0.0, -5.022917489791381e-09, 
0.55, 73.75, 28.0, 1540194.5089649288, -5.332815321205506e-06, 2.4213058336578816e-11, 0.0, 0.022833783020804882, 0.0, 0.0, -0.005043509790836231, -0.031145709794161897, 0.0, 0.0, -4.937553521257277e-09, 
0.55, 75.83333333333334, 20.0, 1022373.0032513952, -5.546038423420191e-06, 2.1155716680822972e-12, 0.0, 0.016961962302572894, 0.0, 0.0, -0.0037465461972234298, -0.02313643582117333, 0.0, 0.0, -5.278756887220235e-09, 
0.55, 75.83333333333334, 24.0, 1229958.2421891105, -5.03289971355115e-06, 5.429757448678e-12, 0.0, 0.018471100220137756, 0.0, 0.0, -0.0040798835095744125, -0.025194928344160625, 0.0, 0.0, -5.190831126140672e-09, 
0.55, 75.83333333333334, 28.0, 1494030.9533004675, -4.4220338593747785e-06, 1.5480209297963862e-11, 0.0, 0.018934042565711538, 0.0, 0.0, -0.00418213788636194, -0.025826390416543995, 0.0, 0.0, -5.121842696905871e-09, 
0.55, 77.91666666666667, 20.0, 998790.238716182, -4.331723914079752e-06, 1.4105904014381831e-12, 0.0, 0.013248109749586985, 0.0, 0.0, -0.002926233080661008, -0.018070671040619286, 0.0, 0.0, -5.39134656167362e-09, 
0.55, 77.91666666666667, 24.0, 1198899.3365420466, -4.000765997287194e-06, 3.6060291828520645e-12, 0.0, 0.014683093960928246, 0.0, 0.0, -0.0032431913750006177, -0.020028016512673427, 0.0, 0.0, -5.323696221839117e-09, 
0.55, 77.91666666666667, 28.0, 1448416.307954389, -3.5718514437134027e-06, 9.859058146924062e-12, 0.0, 0.015293772247124573, 0.0, 0.0, -0.0033780775615197757, -0.02086099318859861, 0.0, 0.0, -5.269247163981074e-09, 
0.55, 80.0, 20.0, 974196.478527831, -3.310609980989223e-06, 9.327111126859862e-13, 0.0, 0.010125140748249222, 0.0, 0.0, -0.0022364339036970394, -0.013810882545510736, 0.0, 0.0, -5.4779535858227674e-09, 
0.55, 80.0, 24.0, 1167183.6404889142, -3.10534358348961e-06, 2.3778079536218907e-12, 0.0, 0.011396828205649655, 0.0, 0.0, -0.0025173233269011946, -0.015545488171787435, 0.0, 0.0, -5.426792992053699e-09, 
0.55, 80.0, 28.0, 1403115.9628721916, -2.813597976776617e-06, 6.253481543291717e-12, 0.0, 0.012047118922479515, 0.0, 0.0, -0.0026609590789897983, -0.016432496948640844, 0.0, 0.0, -5.384687571119729e-09, 
1.0, 30.0, 20.0, 794165.9839390444, -3.9232069817266057e-05, 2.4285682459052027e-09, 0.0, 0.03629610722170442, 0.0, 0.0, -0.00801705840749708, -0.049508573378093744, 0.0, 0.0, -8.920402496714735e-11, 
1.0, 30.0, 24.0, 1005529.3729046966, -3.003753213439444e-05, 7.003878848848006e-09, 0.0, 0.033347579951235426, 0.0, 0.0, -0.007365789796263961, -0.04548672668705156, 0.0, 0.0, -7.519964676428079e-11, 
1.0, 30.0, 28.0, 1260329.0166846144, -2.3499412374601964e-05, 2.1507727366873636e-08, 0.0, 0.03043714169969094, 0.0, 0.0, -0.006722934260503007, -0.041516834134694404, 0.0, 0.0, -6.69558491400786e-11, 
1.0, 32.083333333333336, 20.0, 783159.5257221091, -3.916339051875771e-05, 1.7764995183918208e-09, 0.0, 0.03623256753960088, 0.0, 0.0, -0.008003023807601659, -0.04942190405582652, 0.0, 0.0, -1.1978779436201703e-10, 
1.0, 32.083333333333336, 24.0, 990150.8042866542, -2.9911018187489508e-05, 5.0996201218614884e-09, 0.0, 0.03320712449448158, 0.0, 0.0, -0.007334766094643033, -0.04529514280053236, 0.0, 0.0, -1.0090438389317156e-10, 
1.0, 32.083333333333336, 28.0, 1243534.0645762784, -2.3362591933229406e-05, 1.6046200604640018e-08, 0.0, 0.030259927732151526, 0.0, 0.0, -0.006683791365103518, -0.04127511094763312, 0.0, 0.0, -8.996943223027866e-11, 
1.0, 34.166666666666664, 20.0, 779390.7243093685, -3.89324458656298e-05, 1.3418615202861029e-09, 0.0, 0.03601890573890963, 0.0, 0.0, -0.007955830340678894, -0.04913046533836282, 0.0, 0.0, -1.6085478506858652e-10, 
1.0, 34.166666666666664, 24.0, 984494.264845462, -2.963249724676935e-05, 3.850053908750857e-09, 0.0, 0.032897911303700095, 0.0, 0.0, -0.0072664673044801785, -0.04487337018861641, 0.0, 0.0, -1.3556321559109016e-10, 
1.0, 34.166666666666664, 28.0, 1243682.6379404056, -2.3100749397226842e-05, 1.2831501524151886e-08, 0.0, 0.029920781393530282, 0.0, 0.0, -0.006608880962486309, -0.040812508958693074, 0.0, 0.0, -1.2146278440209758e-10, 
1.0, 36.25, 20.0, 775795.5930641668, -3.8653177947927184e-05, 1.018975509304964e-09, 0.0, 0.03576053696222564, 0.0, 0.0, -0.007898762028622816, -0.0487780454642167, 0.0, 0.0, -2.1390519145854934e-10, 
1.0, 36.25, 24.0, 979560.5131955614, -2.9330531928740345e-05, 2.93298594843276e-09, 0.0, 0.03256267021641794, 0.0, 0.0, -0.007192419491007591, -0.04441609503600348, 0.0, 0.0, -1.8049952194954676e-10, 
1.0, 36.25, 28.0, 1246693.8265007013, -2.2831063539518037e-05, 1.0496151609461749e-08, 0.0, 0.029571476133300256, 0.0, 0.0, -0.006531726664472897, -0.04033605000947796, 0.0, 0.0, -1.627403313452119e-10, 
1.0, 38.333333333333336, 20.0, 772159.9919321449, -3.833113690213329e-05, 7.771601928437556e-10, 0.0, 0.035462595992743144, 0.0, 0.0, -0.007832953038701736, -0.04837164837430662, 0.0, 0.0, -2.8157748048338534e-10, 
1.0, 38.333333333333336, 24.0, 975027.1591977275, -2.901000499214052e-05, 2.252015678781617e-09, 0.0, 0.03220682205300196, 0.0, 0.0, -0.007113820001181296, -0.043930711443698985, 0.0, 0.0, -2.380901530286067e-10, 
1.0, 38.333333333333336, 28.0, 1252554.268829474, -2.2558612052572903e-05, 8.794656868879361e-09, 0.0, 0.02921858872627026, 0.0, 0.0, -0.006453781144416194, -0.039854704944608244, 0.0, 0.0, -2.1635249429090682e-10, 
1.0, 40.41666666666667, 20.0, 768543.0088096136, -3.796493481653028e-05, 5.953871635554277e-10, 0.0, 0.035123798779160685, 0.0, 0.0, -0.007758119750575355, -0.047909522598490344, 0.0, 0.0, -3.6681712119942587e-10, 
1.0, 40.41666666666667, 24.0, 970937.2408093263, -2.866941136891279e-05, 1.7430048158205017e-09, 0.0, 0.03182869588664669, 0.0, 0.0, -0.007030299761874189, -0.04341494023609183, 0.0, 0.0, -3.1106227155845924e-10, 
1.0, 40.41666666666667, 28.0, 1262130.99015474, -2.2283495732207986e-05, 7.587518791303712e-09, 0.0, 0.028862249720809457, 0.0, 0.0, -0.006375073237747338, -0.039368651834516495, 0.0, 0.0, -2.854503644285412e-10, 
1.0, 42.5, 20.0, 764997.2415534093, -3.7551197730216966e-05, 4.5820711275013076e-10, 0.0, 0.03474102384826877, 0.0, 0.0, -0.007673572695456148, -0.04738741038856099, 0.0, 0.0, -4.727212872058091e-10, 
1.0, 42.5, 24.0, 967336.5752913004, -2.8306142747691556e-05, 1.3600502646475655e-09, 0.0, 0.031425395972633656, 0.0, 0.0, -0.0069412191630476685, -0.042864831562885314, 0.0, 0.0, -4.0239312922993675e-10, 
1.0, 42.5, 28.0, 1276716.8864648053, -2.2005648831750392e-05, 6.790892371473086e-09, 0.0, 0.02850237395333025, 0.0, 0.0, -0.0062955841335935354, -0.03887777451446637, 0.0, 0.0, -3.7385348780215825e-10, 
1.0, 44.583333333333336, 20.0, 761570.6728675968, -3.708471000517825e-05, 3.5425445930077405e-10, 0.0, 0.034309445873167935, 0.0, 0.0, -0.007578246058562599, -0.046798729907810366, 0.0, 0.0, -6.023371617535264e-10, 
1.0, 44.583333333333336, 24.0, 964276.2733934204, -2.7916511354732356e-05, 1.0701091471558005e-09, 0.0, 0.030992828150079952, 0.0, 0.0, -0.006845673889351122, -0.042274800911579105, 0.0, 0.0, -5.151753748064717e-10, 
1.0, 44.583333333333336, 28.0, 1298238.5977935307, -2.172494039551404e-05, 6.372086555458038e-09, 0.0, 0.028138791798204794, 0.0, 0.0, -0.006215276365166474, -0.03838184161190898, 0.0, 0.0, -4.861861295204751e-10, 
1.0, 46.66666666666667, 20.0, 758307.4396363179, -3.655856137905345e-05, 2.751475590408013e-10, 0.0, 0.03382267172171838, 0.0, 0.0, -0.007470727729404224, -0.04613476080367491, 0.0, 0.0, -7.583756167792454e-10, 
1.0, 46.66666666666667, 24.0, 961814.5954425675, -2.7495772746042007e-05, 8.492496157258621e-10, 0.0, 0.03052572514605661, 0.0, 0.0, -0.006742500509277648, -0.04163766362276294, 0.0, 0.0, -6.524051554968233e-10, 
1.0, 46.66666666666667, 28.0, 1329412.3165638796, -2.1440841266805463e-05, 6.353168437027819e-09, 0.0, 0.02777081786634308, 0.0, 0.0, -0.006133998544210303, -0.03787991824322587, 0.0, 0.0, -6.280122441546773e-10, 
1.0, 48.75, 20.0, 749358.7487009059, -3.6109885466908335e-05, 2.0950343317297883e-10, 0.0, 0.03340757251166819, 0.0, 0.0, -0.007379040910441767, -0.0455685576685996, 0.0, 0.0, -9.388650475198968e-10, 
1.0, 48.75, 24.0, 950585.5218750346, -2.7174092231903834e-05, 6.515803843222226e-10, 0.0, 0.03016859611012425, 0.0, 0.0, -0.006663618101238841, -0.04115053289623885, 0.0, 0.0, -8.118362436207963e-10, 
1.0, 48.75, 28.0, 1334481.1470534299, -2.1217791205126766e-05, 5.610280952813187e-09, 0.0, 0.027481916477104507, 0.0, 0.0, -0.0060701862103590375, -0.03748585131090211, 0.0, 0.0, -7.90352659603768e-10, 
1.0, 50.833333333333336, 20.0, 737929.8121303291, -3.564476320864952e-05, 1.5772008138103585e-10, 0.0, 0.03297725767968683, 0.0, 0.0, -0.007283993275704126, -0.04498160013883752, 0.0, 0.0, -1.1491339615784519e-09, 
1.0, 50.833333333333336, 24.0, 935282.2394237884, -2.6866823440508352e-05, 4.902235644141458e-10, 0.0, 0.02982746687913309, 0.0, 0.0, -0.006588269718762018, -0.04068522620478629, 0.0, 0.0, -9.989799410292554e-10, 
1.0, 50.833333333333336, 28.0, 1323906.0375791432, -2.099268771370647e-05, 4.583573651695753e-09, 0.0, 0.027190355380651208, 0.0, 0.0, -0.006005786402265506, -0.03708815648787922, 0.0, 0.0, -9.781898851680065e-10, 
1.0, 52.91666666666667, 20.0, 720857.5740239621, -3.5230579119842725e-05, 1.1563752048337567e-10, 0.0, 0.03259406897232338, 0.0, 0.0, -0.007199354825931499, -0.044458923530013315, 0.0, 0.0, -1.387083053610816e-09, 
1.0, 52.91666666666667, 24.0, 910775.0140055455, -2.664313316490707e-05, 3.5233460116658764e-10, 0.0, 0.029579126227838256, 0.0, 0.0, -0.006533416411925962, -0.04034648488240994, 0.0, 0.0, -1.2115166951495762e-09, 
1.0, 52.91666666666667, 28.0, 1273414.2430884764, -2.0802215421601562e-05, 3.020761237890492e-09, 0.0, 0.02694364963024454, 0.0, 0.0, -0.005951294211177507, -0.03675164520108474, 0.0, 0.0, -1.1772475359465503e-09, 
1.0, 55.0, 20.0, 701992.6680068936, -3.473630663907562e-05, 8.346603139445165e-11, 0.0, 0.03213678529133187, 0.0, 0.0, -0.007098350330961529, -0.04383517998262168, 0.0, 0.0, -1.6593886659955532e-09, 
1.0, 55.0, 24.0, 883368.7012701498, -2.6391963560514525e-05, 2.478086163598399e-10, 0.0, 0.02930027804938627, 0.0, 0.0, -0.006471824624139504, -0.0399661307188102, 0.0, 0.0, -1.457349386430629e-09, 
1.0, 55.0, 28.0, 1211413.832199788, -2.0598265914838646e-05, 1.8288485785873989e-09, 0.0, 0.026679487745891, 0.0, 0.0, -0.005892946321610153, -0.036391323419045475, 0.0, 0.0, -1.401102443024433e-09, 
1.0, 57.083333333333336, 20.0, 683738.9029776899, -3.406415401750019e-05, 5.983912322648448e-11, 0.0, 0.03151493320605249, 0.0, 0.0, -0.006960996083629807, -0.042986962034445554, 0.0, 0.0, -1.968015047433298e-09, 
1.0, 57.083333333333336, 24.0, 856873.8221847415, -2.6031840162496945e-05, 1.7342482661276282e-10, 0.0, 0.028900469624683997, 0.0, 0.0, -0.006383515222994391, -0.03942078450273676, 0.0, 0.0, -1.7406820709654153e-09, 
1.0, 57.083333333333336, 28.0, 1154273.412160731, -2.0335212224770927e-05, 1.1099613317602102e-09, 0.0, 0.02633877229470602, 0.0, 0.0, -0.005817689334523303, -0.03592658113103628, 0.0, 0.0, -1.6604667899526883e-09, 
1.0, 59.16666666666667, 20.0, 666152.4081927211, -3.3172677411161914e-05, 4.2595218499056765e-11, 0.0, 0.030690170361005468, 0.0, 0.0, -0.006778823051665612, -0.04186196999097047, 0.0, 0.0, -2.309338926000388e-09, 
1.0, 59.16666666666667, 24.0, 831327.090571446, -2.553383751618044e-05, 1.2073579913325014e-10, 0.0, 0.02834758800088999, 0.0, 0.0, -0.0062613951222542825, -0.03866664356211718, 0.0, 0.0, -2.060284557796152e-09, 
1.0, 59.16666666666667, 28.0, 1101791.7484661841, -1.999243091215048e-05, 6.768053012739646e-10, 0.0, 0.025894791180511047, 0.0, 0.0, -0.005719623101067882, -0.035320982535122246, 0.0, 0.0, -1.9557986408785766e-09, 
1.0, 61.25, 20.0, 649286.7125599815, -3.201695393140948e-05, 3.009264908968605e-11, 0.0, 0.02962093571908207, 0.0, 0.0, -0.006542651262683977, -0.040403513815361385, 0.0, 0.0, -2.6761963622552056e-09, 
1.0, 61.25, 24.0, 806768.9387131031, -2.4864545174432265e-05, 8.359221226662843e-11, 0.0, 0.027604541005320136, 0.0, 0.0, -0.006097271429137226, -0.037653113475299926, 0.0, 0.0, -2.4116329074223226e-09, 
1.0, 61.25, 28.0, 1053600.3368777388, -1.9544938752541754e-05, 4.148739197268369e-10, 0.0, 0.02531518538781291, 0.0, 0.0, -0.005591600184863634, -0.03453038932514284, 0.0, 0.0, -2.2847083667956926e-09, 
1.0, 63.333333333333336, 20.0, 633181.9909664731, -3.055299883787264e-05, 2.109077091598173e-11, 0.0, 0.02826653619026582, 0.0, 0.0, -0.006243492455837792, -0.03855608736695269, 0.0, 0.0, -3.057991777604851e-09, 
1.0, 63.333333333333336, 24.0, 783237.105678181, -2.398775393145364e-05, 5.753805955139989e-11, 0.0, 0.026631129297951903, 0.0, 0.0, -0.005882264941944407, -0.036325361585903986, 0.0, 0.0, -2.786504113525374e-09, 
1.0, 63.333333333333336, 28.0, 1009273.7665801696, -1.8964262343892998e-05, 2.555546038521528e-10, 0.0, 0.024563075324638774, 0.0, 0.0, -0.005425474647805277, -0.03350449704353769, 0.0, 0.0, -2.6413168318675814e-09, 
1.0, 65.41666666666667, 20.0, 617849.650092163, -2.8745372143792002e-05, 1.465716336515272e-11, 0.0, 0.026594183989173098, 0.0, 0.0, -0.005874104488357649, -0.03627496748938341, 0.0, 0.0, -3.4416139779446737e-09, 
1.0, 65.41666666666667, 24.0, 760754.6025627888, -2.2868165582879756e-05, 3.935812660067904e-11, 0.0, 0.025388164935692775, 0.0, 0.0, -0.005607719855613222, -0.03462993480199634, 0.0, 0.0, -3.1732770245988463e-09, 
1.0, 65.41666666666667, 28.0, 968395.9859425557, -1.8220354895645344e-05, 1.5803439792091384e-10, 0.0, 0.023599543505329862, 0.0, 0.0, -0.005212650423276255, -0.03219022150740367, 0.0, 0.0, -3.0161354557153102e-09, 
1.0, 67.5, 20.0, 603253.2067485144, -2.6578189218728148e-05, 1.009508444105619e-11, 0.0, 0.024589183247947517, 0.0, 0.0, -0.005431241347379591, -0.033540108742307076, 0.0, 0.0, -3.813074685047894e-09, 
1.0, 67.5, 24.0, 739313.1630961677, -2.1477835319828272e-05, 2.674290608754054e-11, 0.0, 0.023844623697398364, 0.0, 0.0, -0.005266783562192013, -0.03252451550203032, 0.0, 0.0, -3.5580786601325904e-09, 
1.0, 67.5, 28.0, 930581.9693578529, -1.7285198242936093e-05, 9.799775371244014e-11, 0.0, 0.02238829998597662, 0.0, 0.0, -0.0049451118142170855, -0.03053806255023646, 0.0, 0.0, -3.396711404797663e-09, 
1.0, 69.58333333333334, 20.0, 589289.5707279597, -2.4067978227166224e-05, 6.887010349055976e-12, 0.0, 0.02226682525505349, 0.0, 0.0, -0.004918280561848971, -0.030372368730985897, 0.0, 0.0, -4.159496118696529e-09, 
1.0, 69.58333333333334, 24.0, 718853.399711347, -1.980540932482574e-05, 1.8040871962526737e-11, 0.0, 0.021987900632620495, 0.0, 0.0, -0.004856671889170233, -0.029991910296357307, 0.0, 0.0, -3.926630637270284e-09, 
1.0, 69.58333333333334, 28.0, 895469.591708016, -1.6138608588252032e-05, 6.086396160574948e-11, 0.0, 0.020903202132193908, 0.0, 0.0, -0.0046170844540955325, -0.028512361126705164, 0.0, 0.0, -3.769074389184166e-09, 
1.0, 71.66666666666667, 20.0, 575779.5364377766, -2.1274436379944014e-05, 4.6510341130647335e-12, 0.0, 0.019682339751252713, 0.0, 0.0, -0.0043474212377143375, -0.026847081861295752, 0.0, 0.0, -4.4708738899253375e-09, 
1.0, 71.66666666666667, 24.0, 699246.6513693883, -1.7866706540341442e-05, 1.2076299430877528e-11, 0.0, 0.019835557906443334, 0.0, 0.0, -0.004381263955109598, -0.02705607430868898, 0.0, 0.0, -4.266328713730854e-09, 
1.0, 71.66666666666667, 28.0, 862697.6553680383, -1.4776061943912072e-05, 3.78165405314106e-11, 0.0, 0.01913839036293026, 0.0, 0.0, -0.004227274082806891, -0.02610512465797265, 0.0, 0.0, -4.119705597289332e-09, 
1.0, 73.75, 20.0, 564478.4317596477, -1.826258432002416e-05, 3.1476295044087064e-12, 0.0, 0.01689588151715757, 0.0, 0.0, -0.0037319503202316636, -0.023046300386162812, 0.0, 0.0, -4.742522005227474e-09, 
1.0, 73.75, 24.0, 682902.2253769268, -1.566892299985999e-05, 8.120519943368588e-12, 0.0, 0.017395584546526174, 0.0, 0.0, -0.003842324370770498, -0.02372790472311379, 0.0, 0.0, -4.569926235143386e-09, 
1.0, 73.75, 28.0, 836730.7788031186, -1.316814940193114e-05, 2.4213058336578816e-11, 0.0, 0.017055773393721805, 0.0, 0.0, -0.0037672671244682703, -0.023264395915115515, 0.0, 0.0, -4.441102069161355e-09, 
1.0, 75.83333333333334, 20.0, 553235.7523296565, -1.524576802733624e-05, 2.1155716680822972e-12, 0.0, 0.014104830629863757, 0.0, 0.0, -0.0031154649807694033, -0.019239254445628736, 0.0, 0.0, -4.9689276033837045e-09, 
1.0, 75.83333333333334, 24.0, 667030.615752384, -1.3370428513564583e-05, 5.429757448678e-12, 0.0, 0.014843802267840699, 0.0, 0.0, -0.0032786885117932004, -0.0202472256679871, 0.0, 0.0, -4.8279581524045745e-09, 
1.0, 75.83333333333334, 28.0, 812087.2351078078, -1.1432922222662e-05, 1.5480209297963862e-11, 0.0, 0.014808254772434104, 0.0, 0.0, -0.003270836806232212, -0.02019873821521441, 0.0, 0.0, -4.7190234217939145e-09, 
1.0, 77.91666666666667, 20.0, 541664.680785381, -1.2376644673267192e-05, 1.4105904014381831e-12, 0.0, 0.011450420038943957, 0.0, 0.0, -0.0025291606530105995, -0.015618588441050768, 0.0, 0.0, -5.152266918152663e-09, 
1.0, 77.91666666666667, 24.0, 651178.8562936501, -1.1089738739139405e-05, 3.6060291828520645e-12, 0.0, 0.012311786806108864, 0.0, 0.0, -0.0027194187333181357, -0.0167935089232157, 0.0, 0.0, -5.040336442300229e-09, 
1.0, 77.91666666666667, 28.0, 788109.6570534572, -9.654066460018228e-06, 9.859058146924062e-12, 0.0, 0.0125042271831487, 0.0, 0.0, -0.0027619248272434537, -0.01705600121941125, 0.0, 0.0, -4.9512099814246724e-09, 
1.0, 80.0, 20.0, 529587.5514252885, -9.77954940122745e-06, 9.327111126859862e-13, 0.0, 0.009047680162844017, 0.0, 0.0, -0.0019984451741562556, -0.012341206028172288, 0.0, 0.0, -5.297132369289977e-09, 
1.0, 80.0, 24.0, 635119.3766848034, -8.94046454498614e-06, 2.3778079536218907e-12, 0.0, 0.009925668608517072, 0.0, 0.0, -0.0021923746390179666, -0.01353879879265833, 0.0, 0.0, -5.210400073203539e-09, 
1.0, 80.0, 28.0, 764518.127649672, -7.92164095990989e-06, 6.253481543291717e-12, 0.0, 0.01026033753369373, 0.0, 0.0, -0.0022662960737306987, -0.013995293505390733, 0.0, 0.0, -5.139536191234377e-09, 
